ts_iso,com,mac,endpoint,variant,flash
2026-05-21T12:19:53,COM17,10:51:db:1c:14:94,ami-esp32c6-1494,build_ota,20m/dout
2026-05-21T12:19:56,COM18,10:51:db:1b:f7:b4,ami-esp32c6-f7b4,build_ota,20m/dout
2026-05-21T12:19:59,COM19,10:51:db:1b:fb:b8,ami-esp32c6-fbb8,build_ota,20m/dout
2026-05-21T12:20:03,COM20,10:51:db:1c:14:c8,ami-esp32c6-14c8,build_ota,20m/dout
2026-05-21T12:21:13,COM21,10:51:db:1b:f6:c8,ami-esp32c6-f6c8,build_ota,20m/dout
2026-05-21T12:21:16,COM22,10:51:db:1c:14:bc,ami-esp32c6-14bc,build_ota,20m/dout
2026-05-21T12:21:18,COM23,10:51:db:1c:14:98,ami-esp32c6-1498,build_ota,20m/dout
2026-05-21T12:24:30,COM24,10:51:db:1b:f7:9c,ami-esp32c6-f79c,build_ota,20m/dout
2026-05-21T12:24:33,COM25,10:51:db:1b:f8:54,ami-esp32c6-f854,build_ota,20m/dout
2026-05-21T12:24:35,COM26,10:51:db:1b:f8:4c,ami-esp32c6-f84c,build_ota,20m/dout
2026-05-21T12:24:38,COM27,10:51:db:1b:f7:e8,ami-esp32c6-f7e8,build_ota,20m/dout
2026-05-21T12:25:07,COM28,10:51:db:1b:f7:94,ami-esp32c6-f794,build_ota,20m/dout
2026-05-21T12:25:08,COM29,fc:01:2c:e3:ba:64,ami-esp32c6-ba64,build_ota,20m/dout
2026-05-21T12:25:10,COM30,10:51:db:1b:f6:d4,ami-esp32c6-f6d4,build_ota,20m/dout
2026-05-21T12:27:13,COM31,10:51:db:1b:f8:1c,ami-esp32c6-f81c,build_ota,20m/dout
2026-05-21T12:27:16,COM32,10:51:db:1b:f7:68,ami-esp32c6-f768,build_ota,20m/dout
2026-05-21T12:27:20,COM8,10:51:db:1c:15:58,ami-esp32c6-1558,build_ota,20m/dout
2026-05-21T12:27:23,COM33,10:51:db:1b:fb:b4,ami-esp32c6-fbb4,build_ota,20m/dout
2026-05-21T12:27:53,COM34,10:51:db:1c:08:fc,ami-esp32c6-08fc,build_ota,20m/dout
2026-05-21T12:27:56,COM35,10:51:db:1c:15:34,ami-esp32c6-1534,build_ota,20m/dout
2026-05-21T12:28:13,COM36,10:51:db:1b:f7:88,ami-esp32c6-f788,build_ota,20m/dout
2026-05-21T12:28:20,COM33,10:51:db:1b:fb:b4,ami-esp32c6-fbb4,build_ota,20m/dout
2026-05-21T12:39:59,COM37,fc:01:2c:e3:d2:b4,ami-esp32c6-d2b4,build_ota,20m/dout
2026-05-21T12:40:01,COM39,10:51:db:1b:f8:08,ami-esp32c6-f808,build_ota,20m/dout
2026-05-21T12:40:04,COM40,10:51:db:1c:09:1c,ami-esp32c6-091c,build_ota,20m/dout
2026-05-21T12:40:06,COM41,10:51:db:1b:f6:e4,ami-esp32c6-f6e4,build_ota,20m/dout
2026-05-21T12:40:33,COM42,fc:01:2c:e3:c1:44,ami-esp32c6-c144,build_ota,20m/dout
2026-05-21T12:40:35,COM43,10:51:db:1c:15:d8,ami-esp32c6-15d8,build_ota,20m/dout
2026-05-21T12:40:38,COM44,10:51:db:1c:15:5c,ami-esp32c6-155c,build_ota,20m/dout
2026-05-21T12:41:45,COM46,58:e6:c5:18:c6:1c,ami-esp32c6-c61c,build_ota,20m/dout
2026-05-21T12:41:48,COM47,58:e6:c5:18:c6:0c,ami-esp32c6-c60c,build_ota,20m/dout
2026-05-21T12:44:03,COM17,10:51:db:1c:14:94,ami-esp32c6-1494,build_ota_ftd,20m/dout
2026-05-21T12:44:08,COM22,10:51:db:1c:14:bc,ami-esp32c6-14bc,build_ota_ftd,20m/dout
2026-05-21T12:44:14,COM27,10:51:db:1b:f7:e8,ami-esp32c6-f7e8,build_ota_ftd,20m/dout
2026-05-21T12:44:19,COM32,10:51:db:1b:f7:68,ami-esp32c6-f768,build_ota_ftd,20m/dout
2026-05-21T12:44:38,COM41,10:51:db:1b:f6:e4,ami-esp32c6-f6e4,build_ota_ftd,20m/dout
2026-05-21T12:44:47,COM36,10:51:db:1b:f7:88,ami-esp32c6-f788,build_ota_ftd,20m/dout
2026-05-21T17:24:30,COM17,10:51:db:1c:14:94,ami-esp32c6-1494,build_ota,20m/dout
2026-05-21T17:24:31,COM18,10:51:db:1b:f7:b4,ami-esp32c6-f7b4,build_ota,20m/dout
2026-05-21T17:24:35,COM19,10:51:db:1b:fb:b8,ami-esp32c6-fbb8,build_ota,20m/dout
2026-05-21T17:24:37,COM20,10:51:db:1c:14:c8,ami-esp32c6-14c8,build_ota,20m/dout
2026-05-21T17:25:39,COM21,10:51:db:1b:f6:c8,ami-esp32c6-f6c8,build_ota,20m/dout
2026-05-21T17:25:42,COM22,10:51:db:1c:14:bc,ami-esp32c6-14bc,build_ota,20m/dout
2026-05-21T17:25:44,COM23,10:51:db:1c:14:98,ami-esp32c6-1498,build_ota,20m/dout
2026-05-21T17:28:37,COM24,10:51:db:1b:f7:9c,ami-esp32c6-f79c,build_ota,20m/dout
2026-05-21T17:28:39,COM25,10:51:db:1b:f8:54,ami-esp32c6-f854,build_ota,20m/dout
2026-05-21T17:28:41,COM26,10:51:db:1b:f8:4c,ami-esp32c6-f84c,build_ota,20m/dout
2026-05-21T17:28:44,COM27,10:51:db:1b:f7:e8,ami-esp32c6-f7e8,build_ota,20m/dout
2026-05-21T17:29:31,COM28,10:51:db:1b:f7:94,ami-esp32c6-f794,build_ota,20m/dout
2026-05-21T17:29:35,COM29,fc:01:2c:e3:ba:64,ami-esp32c6-ba64,build_ota,20m/dout
2026-05-21T17:29:39,COM30,10:51:db:1b:f6:d4,ami-esp32c6-f6d4,build_ota,20m/dout
2026-05-21T17:30:45,COM31,10:51:db:1b:f8:1c,ami-esp32c6-f81c,build_ota,20m/dout
2026-05-21T17:30:47,COM32,10:51:db:1b:f7:68,ami-esp32c6-f768,build_ota,20m/dout
2026-05-21T17:30:50,COM33,10:51:db:1b:fb:b4,ami-esp32c6-fbb4,build_ota,20m/dout
2026-05-21T17:30:52,COM34,10:51:db:1c:08:fc,ami-esp32c6-08fc,build_ota,20m/dout
2026-05-21T17:31:14,COM35,10:51:db:1c:15:34,ami-esp32c6-1534,build_ota,20m/dout
2026-05-21T17:31:16,COM36,10:51:db:1b:f7:88,ami-esp32c6-f788,build_ota,20m/dout
2026-05-21T17:31:31,COM8,10:51:db:1c:15:58,ami-esp32c6-1558,build_ota,20m/dout
2026-05-21T17:34:06,COM37,fc:01:2c:e3:d2:b4,ami-esp32c6-d2b4,build_ota,20m/dout
2026-05-21T17:34:09,COM39,10:51:db:1b:f8:08,ami-esp32c6-f808,build_ota,20m/dout
2026-05-21T17:34:12,COM40,10:51:db:1c:09:1c,ami-esp32c6-091c,build_ota,20m/dout
2026-05-21T17:34:14,COM41,10:51:db:1b:f6:e4,ami-esp32c6-f6e4,build_ota,20m/dout
2026-05-21T17:34:46,COM42,fc:01:2c:e3:c1:44,ami-esp32c6-c144,build_ota,20m/dout
2026-05-21T17:34:48,COM43,10:51:db:1c:15:d8,ami-esp32c6-15d8,build_ota,20m/dout
2026-05-21T17:34:55,COM44,10:51:db:1c:15:5c,ami-esp32c6-155c,build_ota,20m/dout
2026-05-21T17:35:46,COM46,58:e6:c5:18:c6:1c,ami-esp32c6-c61c,build_ota,20m/dout
2026-05-21T17:36:16,COM47,58:e6:c5:18:c6:0c,ami-esp32c6-c60c,build_ota,20m/dout
2026-05-21T17:38:40,COM17,10:51:db:1c:14:94,ami-esp32c6-1494,build_ota_ftd,20m/dout
2026-05-21T17:38:48,COM22,10:51:db:1c:14:bc,ami-esp32c6-14bc,build_ota_ftd,20m/dout
2026-05-21T17:38:56,COM22,10:51:db:1c:14:bc,ami-esp32c6-14bc,build_ota_ftd,20m/dout
2026-05-21T17:39:01,COM27,10:51:db:1b:f7:e8,ami-esp32c6-f7e8,build_ota_ftd,20m/dout
2026-05-21T17:39:07,COM32,10:51:db:1b:f7:68,ami-esp32c6-f768,build_ota_ftd,20m/dout
2026-05-21T17:39:14,COM36,10:51:db:1b:f7:88,ami-esp32c6-f788,build_ota_ftd,20m/dout
2026-05-21T17:39:21,COM41,10:51:db:1b:f6:e4,ami-esp32c6-f6e4,build_ota_ftd,20m/dout
2026-05-22T11:31:29,COM17,10:51:db:1c:14:94,ami-esp32c6-1494,build_ota,20m/dout
2026-05-22T11:31:34,COM18,10:51:db:1b:f7:b4,ami-esp32c6-f7b4,build_ota,20m/dout
2026-05-22T11:31:37,COM19,10:51:db:1b:fb:b8,ami-esp32c6-fbb8,build_ota,20m/dout
2026-05-22T11:31:40,COM20,10:51:db:1c:14:c8,ami-esp32c6-14c8,build_ota,20m/dout
2026-05-22T11:32:02,COM21,10:51:db:1b:f6:c8,ami-esp32c6-f6c8,build_ota,20m/dout
2026-05-22T11:32:05,COM22,10:51:db:1c:14:bc,ami-esp32c6-14bc,build_ota,20m/dout
2026-05-22T11:32:07,COM23,10:51:db:1c:14:98,ami-esp32c6-1498,build_ota,20m/dout
2026-05-22T11:34:32,COM24,10:51:db:1b:f7:9c,ami-esp32c6-f79c,build_ota,20m/dout
2026-05-22T11:34:34,COM25,10:51:db:1b:f8:54,ami-esp32c6-f854,build_ota,20m/dout
2026-05-22T11:34:37,COM26,10:51:db:1b:f8:4c,ami-esp32c6-f84c,build_ota,20m/dout
2026-05-22T11:34:39,COM27,10:51:db:1b:f7:e8,ami-esp32c6-f7e8,build_ota,20m/dout
2026-05-22T11:35:22,COM28,10:51:db:1b:f7:94,ami-esp32c6-f794,build_ota,20m/dout
2026-05-22T11:35:24,COM29,fc:01:2c:e3:ba:64,ami-esp32c6-ba64,build_ota,20m/dout
2026-05-22T11:35:26,COM30,10:51:db:1b:f6:d4,ami-esp32c6-f6d4,build_ota,20m/dout
2026-05-22T11:37:42,COM32,10:51:db:1b:f7:68,ami-esp32c6-f768,build_ota,20m/dout
2026-05-22T11:37:46,COM33,10:51:db:1b:fb:b4,ami-esp32c6-fbb4,build_ota,20m/dout
2026-05-22T11:38:10,COM35,10:51:db:1c:15:34,ami-esp32c6-1534,build_ota,20m/dout
2026-05-22T11:38:13,COM36,10:51:db:1b:f7:88,ami-esp32c6-f788,build_ota,20m/dout
2026-05-22T11:38:18,COM8,10:51:db:1c:15:58,ami-esp32c6-1558,build_ota,20m/dout
2026-05-22T11:39:33,COM33,10:51:db:1b:fb:b4,ami-esp32c6-fbb4,build_ota,20m/dout
2026-05-22T11:41:55,COM34,10:51:db:1c:08:fc,ami-esp32c6-08fc,build_ota,20m/dout
2026-05-22T11:41:59,COM32,10:51:db:1b:f7:68,ami-esp32c6-f768,build_ota,20m/dout
2026-05-22T11:42:01,COM31,10:51:db:1b:f8:1c,ami-esp32c6-f81c,build_ota,20m/dout
2026-05-22T11:43:16,COM37,fc:01:2c:e3:d2:b4,ami-esp32c6-d2b4,build_ota,20m/dout
2026-05-22T11:43:18,COM39,10:51:db:1b:f8:08,ami-esp32c6-f808,build_ota,20m/dout
2026-05-22T11:43:22,COM40,10:51:db:1c:09:1c,ami-esp32c6-091c,build_ota,20m/dout
2026-05-22T11:43:26,COM41,10:51:db:1b:f6:e4,ami-esp32c6-f6e4,build_ota,20m/dout
2026-05-22T11:44:09,COM42,fc:01:2c:e3:c1:44,ami-esp32c6-c144,build_ota,20m/dout
2026-05-22T11:44:23,COM43,10:51:db:1c:15:d8,ami-esp32c6-15d8,build_ota,20m/dout
2026-05-22T11:44:26,COM44,10:51:db:1c:15:5c,ami-esp32c6-155c,build_ota,20m/dout
2026-05-22T11:46:39,COM37,fc:01:2c:e3:d2:b4,ami-esp32c6-d2b4,build_ota,20m/dout
2026-05-22T11:49:50,COM46,58:e6:c5:18:c6:1c,ami-esp32c6-c61c,build_ota,20m/dout
2026-05-22T11:50:50,COM47,58:e6:c5:18:c6:0c,ami-esp32c6-c60c,build_ota,20m/dout
2026-05-22T11:55:34,COM17,10:51:db:1c:14:94,ami-esp32c6-1494,build_ota_ftd,20m/dout
2026-05-22T11:55:42,COM22,10:51:db:1c:14:bc,ami-esp32c6-14bc,build_ota_ftd,20m/dout
2026-05-22T11:55:47,COM27,10:51:db:1b:f7:e8,ami-esp32c6-f7e8,build_ota_ftd,20m/dout
2026-05-22T11:56:03,COM32,10:51:db:1b:f7:68,ami-esp32c6-f768,build_ota_ftd,20m/dout
2026-05-22T11:56:21,COM36,10:51:db:1b:f7:88,ami-esp32c6-f788,build_ota_ftd,20m/dout
2026-05-22T11:56:25,COM41,10:51:db:1b:f6:e4,ami-esp32c6-f6e4,build_ota_ftd,20m/dout
2026-05-22T11:57:31,COM27,10:51:db:1b:f7:e8,ami-esp32c6-f7e8,build_ota_ftd,20m/dout
2026-05-25T12:16:12,COM17,10:51:db:1c:14:94,ami-esp32c6-1494,build_ota,20m/dout
2026-05-25T12:16:18,COM18,10:51:db:1b:f7:b4,ami-esp32c6-f7b4,build_ota,20m/dout
2026-05-25T12:16:21,COM19,10:51:db:1b:fb:b8,ami-esp32c6-fbb8,build_ota,20m/dout
2026-05-25T12:16:23,COM20,10:51:db:1c:14:c8,ami-esp32c6-14c8,build_ota,20m/dout
2026-05-25T12:16:26,COM21,10:51:db:1b:f6:c8,ami-esp32c6-f6c8,build_ota,20m/dout
2026-05-25T12:16:57,COM22,10:51:db:1c:14:bc,ami-esp32c6-14bc,build_ota,20m/dout
2026-05-25T12:16:59,COM23,10:51:db:1c:14:98,ami-esp32c6-1498,build_ota,20m/dout
2026-05-25T12:18:31,COM24,10:51:db:1b:f7:9c,ami-esp32c6-f79c,build_ota,20m/dout
2026-05-25T12:18:34,COM25,10:51:db:1b:f8:54,ami-esp32c6-f854,build_ota,20m/dout
2026-05-25T12:18:37,COM26,10:51:db:1b:f8:4c,ami-esp32c6-f84c,build_ota,20m/dout
2026-05-25T12:18:39,COM27,10:51:db:1b:f7:e8,ami-esp32c6-f7e8,build_ota,20m/dout
2026-05-25T12:18:41,COM28,10:51:db:1b:f7:94,ami-esp32c6-f794,build_ota,20m/dout
2026-05-25T12:19:08,COM28,10:51:db:1b:f7:94,ami-esp32c6-f794,build_ota,20m/dout
2026-05-25T12:19:10,COM29,fc:01:2c:e3:ba:64,ami-esp32c6-ba64,build_ota,20m/dout
2026-05-25T12:19:12,COM30,10:51:db:1b:f6:d4,ami-esp32c6-f6d4,build_ota,20m/dout
2026-05-25T12:20:07,COM28,10:51:db:1b:f7:94,ami-esp32c6-f794,build_ota,20m/dout
2026-05-25T12:20:08,COM29,fc:01:2c:e3:ba:64,ami-esp32c6-ba64,build_ota,20m/dout
2026-05-25T12:20:11,COM30,10:51:db:1b:f6:d4,ami-esp32c6-f6d4,build_ota,20m/dout
2026-05-25T12:21:23,COM31,10:51:db:1b:f8:1c,ami-esp32c6-f81c,build_ota,20m/dout
2026-05-25T12:21:26,COM32,10:51:db:1b:f7:68,ami-esp32c6-f768,build_ota,20m/dout
2026-05-25T12:21:28,COM33,10:51:db:1b:fb:b4,ami-esp32c6-fbb4,build_ota,20m/dout
2026-05-25T12:21:32,COM34,10:51:db:1c:08:fc,ami-esp32c6-08fc,build_ota,20m/dout
2026-05-25T12:21:34,COM35,10:51:db:1c:15:34,ami-esp32c6-1534,build_ota,20m/dout
2026-05-25T12:22:07,COM36,10:51:db:1b:f7:88,ami-esp32c6-f788,build_ota,20m/dout
2026-05-25T12:22:17,COM8,10:51:db:1c:15:58,ami-esp32c6-1558,build_ota,20m/dout
2026-05-25T12:24:39,COM44,10:51:db:1c:15:5c,ami-esp32c6-155c,build_ota,20m/dout
2026-05-25T12:24:43,COM43,10:51:db:1c:15:d8,ami-esp32c6-15d8,build_ota,20m/dout
2026-05-25T12:24:46,COM42,fc:01:2c:e3:c1:44,ami-esp32c6-c144,build_ota,20m/dout
2026-05-25T12:24:50,COM41,10:51:db:1b:f6:e4,ami-esp32c6-f6e4,build_ota,20m/dout
2026-05-25T12:24:56,COM40,10:51:db:1c:09:1c,ami-esp32c6-091c,build_ota,20m/dout
2026-05-25T12:24:59,COM39,10:51:db:1b:f8:08,ami-esp32c6-f808,build_ota,20m/dout
2026-05-25T12:25:01,COM37,fc:01:2c:e3:d2:b4,ami-esp32c6-d2b4,build_ota,20m/dout
2026-05-25T12:33:56,COM40,10:51:db:1c:09:1c,ami-esp32c6-091c,build_ota,20m/dout
2026-05-25T12:35:04,COM46,58:e6:c5:18:c6:1c,ami-esp32c6-c61c,build_ota,20m/dout
2026-05-25T12:35:08,COM47,58:e6:c5:18:c6:0c,ami-esp32c6-c60c,build_ota,20m/dout
2026-05-25T12:38:20,COM17,10:51:db:1c:14:94,ami-esp32c6-1494,build_ota_ftd,20m/dout
2026-05-25T12:38:25,COM22,10:51:db:1c:14:bc,ami-esp32c6-14bc,build_ota_ftd,20m/dout
2026-05-25T12:38:30,COM27,10:51:db:1b:f7:e8,ami-esp32c6-f7e8,build_ota_ftd,20m/dout
2026-05-25T12:38:37,COM32,10:51:db:1b:f7:68,ami-esp32c6-f768,build_ota_ftd,20m/dout
2026-05-25T12:38:41,COM36,10:51:db:1b:f7:88,ami-esp32c6-f788,build_ota_ftd,20m/dout
2026-05-25T12:39:05,COM41,10:51:db:1b:f6:e4,ami-esp32c6-f6e4,build_ota_ftd,20m/dout
2026-05-25T17:53:15,COM21,10:51:db:1b:f6:c8,ami-esp32c6-f6c8,build_ota,20m/dout
2026-05-26T13:56:33,COM18,10:51:db:1b:f7:b4,ami-esp32c6-f7b4,build_ota,20m/dout
2026-05-26T13:56:36,COM19,10:51:db:1b:fb:b8,ami-esp32c6-fbb8,build_ota,20m/dout
2026-05-26T13:56:40,COM20,10:51:db:1c:14:c8,ami-esp32c6-14c8,build_ota,20m/dout
2026-05-26T13:56:43,COM21,10:51:db:1b:f6:c8,ami-esp32c6-f6c8,build_ota,20m/dout
2026-05-26T13:56:47,COM22,10:51:db:1c:14:bc,ami-esp32c6-14bc,build_ota,20m/dout
2026-05-26T13:56:49,COM23,10:51:db:1c:14:98,ami-esp32c6-1498,build_ota,20m/dout
2026-05-26T13:57:20,COM17,10:51:db:1c:14:94,ami-esp32c6-1494,build_ota,20m/dout
2026-05-26T13:59:13,COM24,10:51:db:1b:f7:9c,ami-esp32c6-f79c,build_ota,20m/dout
2026-05-26T13:59:17,COM25,10:51:db:1b:f8:54,ami-esp32c6-f854,build_ota,20m/dout
2026-05-26T13:59:21,COM26,10:51:db:1b:f8:4c,ami-esp32c6-f84c,build_ota,20m/dout
2026-05-26T13:59:25,COM27,10:51:db:1b:f7:e8,ami-esp32c6-f7e8,build_ota,20m/dout
2026-05-26T13:59:28,COM28,10:51:db:1b:f7:94,ami-esp32c6-f794,build_ota,20m/dout
2026-05-26T13:59:32,COM29,fc:01:2c:e3:ba:64,ami-esp32c6-ba64,build_ota,20m/dout
2026-05-26T13:59:35,COM30,10:51:db:1b:f6:d4,ami-esp32c6-f6d4,build_ota,20m/dout
2026-05-26T14:00:35,COM31,10:51:db:1b:f8:1c,ami-esp32c6-f81c,build_ota,20m/dout
2026-05-26T14:00:39,COM32,10:51:db:1b:f7:68,ami-esp32c6-f768,build_ota,20m/dout
2026-05-26T14:00:42,COM33,10:51:db:1b:fb:b4,ami-esp32c6-fbb4,build_ota,20m/dout
2026-05-26T14:00:46,COM34,10:51:db:1c:08:fc,ami-esp32c6-08fc,build_ota,20m/dout
2026-05-26T14:00:49,COM35,10:51:db:1c:15:34,ami-esp32c6-1534,build_ota,20m/dout
2026-05-26T14:00:54,COM36,10:51:db:1b:f7:88,ami-esp32c6-f788,build_ota,20m/dout
2026-05-26T14:00:57,COM8,10:51:db:1c:15:58,ami-esp32c6-1558,build_ota,20m/dout
2026-05-26T14:02:09,COM37,fc:01:2c:e3:d2:b4,ami-esp32c6-d2b4,build_ota,20m/dout
2026-05-26T14:02:13,COM39,10:51:db:1b:f8:08,ami-esp32c6-f808,build_ota,20m/dout
2026-05-26T14:02:16,COM40,10:51:db:1c:09:1c,ami-esp32c6-091c,build_ota,20m/dout
2026-05-26T14:02:19,COM41,10:51:db:1b:f6:e4,ami-esp32c6-f6e4,build_ota,20m/dout
2026-05-26T14:02:23,COM42,fc:01:2c:e3:c1:44,ami-esp32c6-c144,build_ota,20m/dout
2026-05-26T14:02:27,COM43,10:51:db:1c:15:d8,ami-esp32c6-15d8,build_ota,20m/dout
2026-05-26T14:02:30,COM44,10:51:db:1c:15:5c,ami-esp32c6-155c,build_ota,20m/dout
2026-05-26T14:03:25,COM46,58:e6:c5:18:c6:1c,ami-esp32c6-c61c,build_ota,20m/dout
2026-05-26T14:03:29,COM47,58:e6:c5:18:c6:0c,ami-esp32c6-c60c,build_ota,20m/dout
2026-05-26T14:04:32,COM17,10:51:db:1c:14:94,ami-esp32c6-1494,build_ota_ftd,20m/dout
2026-05-26T14:04:37,COM22,10:51:db:1c:14:bc,ami-esp32c6-14bc,build_ota_ftd,20m/dout
2026-05-26T14:04:41,COM27,10:51:db:1b:f7:e8,ami-esp32c6-f7e8,build_ota_ftd,20m/dout
2026-05-26T14:04:45,COM32,10:51:db:1b:f7:68,ami-esp32c6-f768,build_ota_ftd,20m/dout
2026-05-26T14:04:50,COM36,10:51:db:1b:f7:88,ami-esp32c6-f788,build_ota_ftd,20m/dout
2026-05-26T14:04:54,COM41,10:51:db:1b:f6:e4,ami-esp32c6-f6e4,build_ota_ftd,20m/dout
2026-05-26T15:02:30,COM17,10:51:db:1c:14:94,ami-esp32c6-1494,build_ota_ftd,20m/dout
2026-05-26T15:03:03,COM19,10:51:db:1b:fb:b8,ami-esp32c6-fbb8,build_ota_ftd,20m/dout
2026-05-26T15:03:24,COM20,10:51:db:1c:14:c8,ami-esp32c6-14c8,build_ota_ftd,20m/dout
2026-05-26T15:03:46,COM21,10:51:db:1b:f6:c8,ami-esp32c6-f6c8,build_ota_ftd,20m/dout
2026-05-26T15:04:07,COM22,10:51:db:1c:14:bc,ami-esp32c6-14bc,build_ota_ftd,20m/dout
2026-05-26T15:04:29,COM23,10:51:db:1c:14:98,ami-esp32c6-1498,build_ota_ftd,20m/dout
2026-05-26T15:10:40,COM17,10:51:db:1c:14:94,ami-esp32c6-1494,build_ota_ftd,20m/dout
2026-05-26T15:16:19,COM17,10:51:db:1c:14:94,ami-esp32c6-1494,build_ota_ftd,20m/dout
2026-05-26T15:19:46,COM19,10:51:db:1b:fb:b8,ami-esp32c6-fbb8,build_ota_ftd,20m/dout
2026-05-26T15:20:07,COM20,10:51:db:1c:14:c8,ami-esp32c6-14c8,build_ota_ftd,20m/dout
2026-05-26T15:20:29,COM21,10:51:db:1b:f6:c8,ami-esp32c6-f6c8,build_ota_ftd,20m/dout
2026-05-26T15:20:50,COM22,10:51:db:1c:14:bc,ami-esp32c6-14bc,build_ota_ftd,20m/dout
2026-05-26T15:21:12,COM23,10:51:db:1c:14:98,ami-esp32c6-1498,build_ota_ftd,20m/dout
2026-05-26T15:28:31,COM24,10:51:db:1b:f7:9c,ami-esp32c6-f79c,build_ota_ftd,20m/dout
2026-05-26T15:28:53,COM25,10:51:db:1b:f8:54,ami-esp32c6-f854,build_ota_ftd,20m/dout
2026-05-26T15:29:14,COM26,10:51:db:1b:f8:4c,ami-esp32c6-f84c,build_ota_ftd,20m/dout
2026-05-26T15:29:35,COM27,10:51:db:1b:f7:e8,ami-esp32c6-f7e8,build_ota_ftd,20m/dout
2026-05-26T15:29:57,COM28,10:51:db:1b:f7:94,ami-esp32c6-f794,build_ota_ftd,20m/dout
2026-05-26T15:30:18,COM29,fc:01:2c:e3:ba:64,ami-esp32c6-ba64,build_ota_ftd,20m/dout
2026-05-26T15:30:40,COM30,10:51:db:1b:f6:d4,ami-esp32c6-f6d4,build_ota_ftd,20m/dout
2026-05-26T15:52:22,COM8,10:51:db:1c:15:58,ami-esp32c6-1558,build_ota_ftd,20m/dout
2026-05-26T15:52:44,COM31,10:51:db:1b:f8:1c,ami-esp32c6-f81c,build_ota_ftd,20m/dout
2026-05-26T15:53:05,COM32,10:51:db:1b:f7:68,ami-esp32c6-f768,build_ota_ftd,20m/dout
2026-05-26T15:53:26,COM33,10:51:db:1b:fb:b4,ami-esp32c6-fbb4,build_ota_ftd,20m/dout
2026-05-26T15:53:48,COM34,10:51:db:1c:08:fc,ami-esp32c6-08fc,build_ota_ftd,20m/dout
2026-05-26T15:54:09,COM35,10:51:db:1c:15:34,ami-esp32c6-1534,build_ota_ftd,20m/dout
2026-05-26T15:54:31,COM36,10:51:db:1b:f7:88,ami-esp32c6-f788,build_ota_ftd,20m/dout
2026-05-26T16:03:03,COM37,fc:01:2c:e3:d2:b4,ami-esp32c6-d2b4,build_ota_ftd,20m/dout
2026-05-26T16:03:24,COM39,10:51:db:1b:f8:08,ami-esp32c6-f808,build_ota_ftd,20m/dout
2026-05-26T16:03:46,COM40,10:51:db:1c:09:1c,ami-esp32c6-091c,build_ota_ftd,20m/dout
2026-05-26T16:04:07,COM41,10:51:db:1b:f6:e4,ami-esp32c6-f6e4,build_ota_ftd,20m/dout
2026-05-26T16:04:29,COM42,fc:01:2c:e3:c1:44,ami-esp32c6-c144,build_ota_ftd,20m/dout
2026-05-26T16:04:50,COM43,10:51:db:1c:15:d8,ami-esp32c6-15d8,build_ota_ftd,20m/dout
2026-05-26T16:05:12,COM44,10:51:db:1c:15:5c,ami-esp32c6-155c,build_ota_ftd,20m/dout
2026-05-26T16:12:48,COM46,58:e6:c5:18:c6:1c,ami-esp32c6-c61c,build_ota_ftd,20m/dout
2026-05-26T16:13:09,COM47,58:e6:c5:18:c6:0c,ami-esp32c6-c60c,build_ota_ftd,20m/dout
2026-05-26T22:42:20,COM17,10:51:db:1c:14:94,ami-esp32c6-1494,build_ota_ftd,20m/dout
2026-05-26T22:42:21,COM18,10:51:db:1b:f7:b4,ami-esp32c6-f7b4,build_ota_ftd,20m/dout
2026-05-26T22:42:24,COM19,10:51:db:1b:fb:b8,ami-esp32c6-fbb8,build_ota_ftd,20m/dout
2026-05-26T22:42:26,COM20,10:51:db:1c:14:c8,ami-esp32c6-14c8,build_ota_ftd,20m/dout
2026-05-26T22:42:28,COM21,10:51:db:1b:f6:c8,ami-esp32c6-f6c8,build_ota_ftd,20m/dout
2026-05-26T22:42:31,COM22,10:51:db:1c:14:bc,ami-esp32c6-14bc,build_ota_ftd,20m/dout
2026-05-26T22:42:33,COM23,10:51:db:1c:14:98,ami-esp32c6-1498,build_ota_ftd,20m/dout
2026-05-26T22:44:06,COM24,10:51:db:1b:f7:9c,ami-esp32c6-f79c,build_ota_ftd,20m/dout
2026-05-26T22:44:09,COM25,10:51:db:1b:f8:54,ami-esp32c6-f854,build_ota_ftd,20m/dout
2026-05-26T22:44:12,COM26,10:51:db:1b:f8:4c,ami-esp32c6-f84c,build_ota_ftd,20m/dout
2026-05-26T22:44:15,COM27,10:51:db:1b:f7:e8,ami-esp32c6-f7e8,build_ota_ftd,20m/dout
2026-05-26T22:44:17,COM28,10:51:db:1b:f7:94,ami-esp32c6-f794,build_ota_ftd,20m/dout
2026-05-26T22:44:19,COM29,fc:01:2c:e3:ba:64,ami-esp32c6-ba64,build_ota_ftd,20m/dout
2026-05-26T22:44:21,COM30,10:51:db:1b:f6:d4,ami-esp32c6-f6d4,build_ota_ftd,20m/dout
2026-05-26T22:45:14,COM31,10:51:db:1b:f8:1c,ami-esp32c6-f81c,build_ota_ftd,20m/dout
2026-05-26T22:46:44,COM32,10:51:db:1b:f7:68,ami-esp32c6-f768,build_ota_ftd,20m/dout
2026-05-26T22:46:49,COM33,10:51:db:1b:fb:b4,ami-esp32c6-fbb4,build_ota_ftd,20m/dout
2026-05-26T22:46:55,COM34,10:51:db:1c:08:fc,ami-esp32c6-08fc,build_ota_ftd,20m/dout
2026-05-26T22:46:58,COM35,10:51:db:1c:15:34,ami-esp32c6-1534,build_ota_ftd,20m/dout
2026-05-26T22:47:01,COM36,10:51:db:1b:f7:88,ami-esp32c6-f788,build_ota_ftd,20m/dout
2026-05-26T22:47:04,COM39,10:51:db:1b:f8:08,ami-esp32c6-f808,build_ota_ftd,20m/dout
2026-05-26T22:47:07,COM8,10:51:db:1c:15:58,ami-esp32c6-1558,build_ota_ftd,20m/dout
2026-05-26T22:48:53,COM37,fc:01:2c:e3:d2:b4,ami-esp32c6-d2b4,build_ota_ftd,20m/dout
2026-05-26T22:48:55,COM40,10:51:db:1c:09:1c,ami-esp32c6-091c,build_ota_ftd,20m/dout
2026-05-26T22:49:01,COM42,fc:01:2c:e3:c1:44,ami-esp32c6-c144,build_ota_ftd,20m/dout
2026-05-26T22:49:06,COM46,58:e6:c5:18:c6:1c,ami-esp32c6-c61c,build_ota_ftd,20m/dout
2026-05-26T22:50:00,COM47,58:e6:c5:18:c6:0c,ami-esp32c6-c60c,build_ota_ftd,20m/dout
2026-05-26T22:50:50,COM37,fc:01:2c:e3:d2:b4,ami-esp32c6-d2b4,build_ota_ftd,20m/dout
2026-05-26T22:50:54,COM40,10:51:db:1c:09:1c,ami-esp32c6-091c,build_ota_ftd,20m/dout
2026-05-26T22:50:57,COM41,10:51:db:1b:f6:e4,ami-esp32c6-f6e4,build_ota_ftd,20m/dout
2026-05-26T22:51:00,COM42,fc:01:2c:e3:c1:44,ami-esp32c6-c144,build_ota_ftd,20m/dout
2026-05-26T22:51:03,COM44,10:51:db:1c:15:5c,ami-esp32c6-155c,build_ota_ftd,20m/dout
2026-05-26T22:51:06,COM46,58:e6:c5:18:c6:1c,ami-esp32c6-c61c,build_ota_ftd,20m/dout
2026-05-26T22:51:08,COM47,58:e6:c5:18:c6:0c,ami-esp32c6-c60c,build_ota_ftd,20m/dout
2026-05-26T22:54:00,COM43,10:51:db:1c:15:d8,ami-esp32c6-15d8,build_ota_ftd,20m/dout
2026-05-26T23:22:42,COM24,10:51:db:1b:f7:9c,ami-esp32c6-f79c,build_ota_ftd,20m/dout
2026-05-26T23:23:04,COM25,10:51:db:1b:f8:54,ami-esp32c6-f854,build_ota_ftd,20m/dout
2026-05-26T23:23:25,COM27,10:51:db:1b:f7:e8,ami-esp32c6-f7e8,build_ota_ftd,20m/dout
2026-05-26T23:23:46,COM31,10:51:db:1b:f8:1c,ami-esp32c6-f81c,build_ota_ftd,20m/dout
2026-05-26T23:24:08,COM41,10:51:db:1b:f6:e4,ami-esp32c6-f6e4,build_ota_ftd,20m/dout
2026-05-26T23:24:29,COM43,10:51:db:1c:15:d8,ami-esp32c6-15d8,build_ota_ftd,20m/dout
2026-05-26T23:24:51,COM44,10:51:db:1c:15:5c,ami-esp32c6-155c,build_ota_ftd,20m/dout
2026-05-26T23:39:35,COM25,10:51:db:1b:f8:54,ami-esp32c6-f854,build_ota_ftd,20m/dout
2026-05-26T23:39:57,COM27,10:51:db:1b:f7:e8,ami-esp32c6-f7e8,build_ota_ftd,20m/dout
2026-05-26T23:40:18,COM31,10:51:db:1b:f8:1c,ami-esp32c6-f81c,build_ota_ftd,20m/dout
2026-05-26T23:40:40,COM41,10:51:db:1b:f6:e4,ami-esp32c6-f6e4,build_ota_ftd,20m/dout
2026-05-26T23:41:01,COM43,10:51:db:1c:15:d8,ami-esp32c6-15d8,build_ota_ftd,20m/dout
2026-05-26T23:41:23,COM44,10:51:db:1c:15:5c,ami-esp32c6-155c,build_ota_ftd,20m/dout
2026-05-27T10:38:04,COM24,10:51:db:1b:f7:9c,ami-esp32c6-f79c,build_ota_ftd,20m/dout
2026-05-27T10:42:02,COM25,10:51:db:1b:f8:54,ami-esp32c6-f854,build_ota_ftd,20m/dout
2026-05-27T10:42:28,COM27,10:51:db:1b:f7:e8,ami-esp32c6-f7e8,build_ota_ftd,20m/dout
2026-05-27T10:42:54,COM31,10:51:db:1b:f8:1c,ami-esp32c6-f81c,build_ota_ftd,20m/dout
2026-05-27T10:43:20,COM41,10:51:db:1b:f6:e4,ami-esp32c6-f6e4,build_ota_ftd,20m/dout
2026-05-27T10:43:58,COM44,10:51:db:1c:15:5c,ami-esp32c6-155c,build_ota_ftd,20m/dout
2026-05-27T16:50:51,COM24,10:51:db:1b:f7:9c,ami-esp32c6-f79c,build_ota_ftd,20m/dout
2026-05-27T16:51:17,COM25,10:51:db:1b:f8:54,ami-esp32c6-f854,build_ota_ftd,20m/dout
2026-05-27T16:51:44,COM27,10:51:db:1b:f7:e8,ami-esp32c6-f7e8,build_ota_ftd,20m/dout
2026-05-27T16:52:10,COM31,10:51:db:1b:f8:1c,ami-esp32c6-f81c,build_ota_ftd,20m/dout
2026-05-27T16:52:36,COM41,10:51:db:1b:f6:e4,ami-esp32c6-f6e4,build_ota_ftd,20m/dout
2026-05-27T16:53:03,COM43,10:51:db:1c:15:d8,ami-esp32c6-15d8,build_ota_ftd,20m/dout
2026-05-27T16:53:29,COM44,10:51:db:1c:15:5c,ami-esp32c6-155c,build_ota_ftd,20m/dout
2026-05-27T16:58:58,COM24,10:51:db:1b:f7:9c,ami-esp32c6-f79c,build_ota_ftd,20m/dout
2026-05-27T16:59:25,COM27,10:51:db:1b:f7:e8,ami-esp32c6-f7e8,build_ota_ftd,20m/dout
2026-05-27T18:13:05,COM25,10:51:db:1b:f8:54,ami-esp32c6-f854,build_ota_ftd,20m/dout
2026-05-27T18:35:08,COM24,10:51:db:1b:f7:9c,ami-esp32c6-f79c,build_ota_ftd,20m/dout
2026-05-27T18:35:57,COM44,10:51:db:1c:15:5c,ami-esp32c6-155c,build_ota_ftd,20m/dout
2026-05-27T18:58:24,COM27,10:51:db:1b:f7:e8,ami-esp32c6-f7e8,build_ota_ftd,20m/dout
2026-05-27T18:58:50,COM31,10:51:db:1b:f8:1c,ami-esp32c6-f81c,build_ota_ftd,20m/dout
2026-05-27T18:59:16,COM41,10:51:db:1b:f6:e4,ami-esp32c6-f6e4,build_ota_ftd,20m/dout
2026-05-27T18:59:43,COM43,10:51:db:1c:15:d8,ami-esp32c6-15d8,build_ota_ftd,20m/dout
2026-05-27T22:09:05,COM44,10:51:db:1c:15:5c,ami-esp32c6-155c,build_ota_ftd,20m/dout
2026-05-28T17:21:13,COM24,10:51:db:1b:f7:9c,ami-esp32c6-f79c,build_ota_ftd,20m/dout
2026-05-28T17:40:44,COM24,10:51:db:1b:f7:9c,ami-esp32c6-f79c,build_ota_ftd,20m/dout
