ts,endpoint,active,last_activity_age_s,watchdog_count,recover_count,reg_attempts,reg_success,total_resets,uptime_s,last_reset_reason,thread_role,mesh_children,nft_pkts,pi4_edge_cpu_pct
1779222576,ami-esp32c6-08fc,True,2,0,0,3,2,4,15,8,Child,29,21390,10.77
1779222576,ami-esp32c6-091c,True,380,0,0,2,1,4,19,8,Child,29,21390,10.77
1779222576,ami-esp32c6-1494,True,44,0,0,3,2,4,13,8,Child,29,21390,10.77
1779222576,ami-esp32c6-1498,True,7,12,29,9,3,6,20,8,Child,29,21390,10.77
1779222576,ami-esp32c6-14bc,True,4,1,10,6,2,4,14,2,Child,29,21390,10.77
1779222576,ami-esp32c6-14c8,True,2,0,0,3,3,4,11,8,Child,29,21390,10.77
1779222576,ami-esp32c6-1534,True,19,0,0,4,3,5,20,8,Child,29,21390,10.77
1779222576,ami-esp32c6-1558,True,8,0,0,3,2,6,14,2,Child,29,21390,10.77
1779222576,ami-esp32c6-155c,True,16,0,0,4,3,7,16,8,Child,29,21390,10.77
1779222576,ami-esp32c6-15d8,True,92,0,0,2,1,3,37,8,Child,29,21390,10.77
1779222576,ami-esp32c6-ba64,False,1760,0,6,5,3,8,9,2,Child,29,21390,10.77
1779222576,ami-esp32c6-c144,True,384,0,0,2,1,3,14,8,Child,29,21390,10.77
1779222576,ami-esp32c6-c60c,True,8,0,0,2,1,4,33,8,Child,29,21390,10.77
1779222576,ami-esp32c6-c61c,True,18,0,0,2,1,4,35,8,Child,29,21390,10.77
1779222576,ami-esp32c6-d2b4,True,49,0,0,4,3,6,25,8,Child,29,21390,10.77
1779222576,ami-esp32c6-f6c8,True,9,0,0,3,2,4,15,8,Child,29,21390,10.77
1779222576,ami-esp32c6-f6d4,True,97,0,0,2,1,3,29,8,Child,29,21390,10.77
1779222576,ami-esp32c6-f6e4,True,105,0,0,2,1,3,19,8,Child,29,21390,10.77
1779222576,ami-esp32c6-f768,True,91,0,0,3,2,4,31,8,Child,29,21390,10.77
1779222576,ami-esp32c6-f788,True,90,0,0,3,2,5,14,16,Child,29,21390,10.77
1779222576,ami-esp32c6-f794,False,3148,0,0,1,0,2,20,0,Child,29,21390,10.77
1779222576,ami-esp32c6-f79c,True,38,1,2,4,3,4,1254,2,Child,29,21390,10.77
1779222576,ami-esp32c6-f7b4,True,13,0,0,3,2,4,11,8,Child,29,21390,10.77
1779222576,ami-esp32c6-f7e8,True,44,0,0,2,1,3,12,8,Child,29,21390,10.77
1779222576,ami-esp32c6-f808,True,328,0,0,2,1,4,19,16,Child,29,21390,10.77
1779222576,ami-esp32c6-f81c,True,11,0,0,3,2,5,12,8,Child,29,21390,10.77
1779222576,ami-esp32c6-f84c,True,0,11,35,5,4,9,25,8,Child,29,21390,10.77
1779222576,ami-esp32c6-f854,False,3184,0,0,1,0,3,12,2,Child,29,21390,10.77
1779222576,ami-esp32c6-fbb4,True,0,0,0,5,3,6,18,8,Child,29,21390,10.77
1779222576,ami-esp32c6-fbb8,False,1958,2,12,4,2,6,278,16,Child,29,21390,10.77
1779222666,ami-esp32c6-08fc,True,2,0,0,3,2,4,15,8,Child,30,21405,5.61
1779222666,ami-esp32c6-091c,True,470,0,0,2,1,4,19,8,Child,30,21405,5.61
1779222666,ami-esp32c6-1494,True,24,0,0,3,2,4,13,8,Child,30,21405,5.61
1779222666,ami-esp32c6-1498,True,9,12,29,9,3,6,20,8,Child,30,21405,5.61
1779222666,ami-esp32c6-14bc,True,94,1,10,6,2,4,14,2,Child,30,21405,5.61
1779222666,ami-esp32c6-14c8,True,36,0,0,3,3,4,11,8,Child,30,21405,5.61
1779222666,ami-esp32c6-1534,True,3,0,0,4,3,5,20,8,Child,30,21405,5.61
1779222666,ami-esp32c6-1558,True,3,0,0,3,2,6,14,2,Child,30,21405,5.61
1779222666,ami-esp32c6-155c,True,8,0,0,4,3,7,16,8,Child,30,21405,5.61
1779222666,ami-esp32c6-15d8,True,62,0,0,2,1,3,37,8,Child,30,21405,5.61
1779222666,ami-esp32c6-ba64,False,1850,0,6,5,3,8,9,2,Child,30,21405,5.61
1779222666,ami-esp32c6-c144,True,474,0,0,2,1,3,14,8,Child,30,21405,5.61
1779222666,ami-esp32c6-c60c,True,7,0,0,2,1,4,33,8,Child,30,21405,5.61
1779222666,ami-esp32c6-c61c,True,1,0,0,2,1,4,35,8,Child,30,21405,5.61
1779222666,ami-esp32c6-d2b4,True,26,0,0,4,3,6,25,8,Child,30,21405,5.61
1779222666,ami-esp32c6-f6c8,True,8,0,0,3,2,4,15,8,Child,30,21405,5.61
1779222666,ami-esp32c6-f6d4,True,68,0,0,2,1,3,29,8,Child,30,21405,5.61
1779222666,ami-esp32c6-f6e4,True,74,0,0,2,1,3,19,8,Child,30,21405,5.61
1779222666,ami-esp32c6-f768,True,19,0,0,4,3,6,35,2,Child,30,21405,5.61
1779222666,ami-esp32c6-f788,True,3,0,0,4,3,7,17,16,Child,30,21405,5.61
1779222666,ami-esp32c6-f794,False,3238,0,0,1,0,2,20,0,Child,30,21405,5.61
1779222666,ami-esp32c6-f79c,True,8,1,2,4,3,4,1254,2,Child,30,21405,5.61
1779222666,ami-esp32c6-f7b4,True,12,0,0,3,2,4,11,8,Child,30,21405,5.61
1779222666,ami-esp32c6-f7e8,True,134,0,0,2,1,3,12,8,Child,30,21405,5.61
1779222666,ami-esp32c6-f808,True,418,0,0,2,1,4,19,16,Child,30,21405,5.61
1779222666,ami-esp32c6-f81c,True,5,0,0,3,2,5,12,8,Child,30,21405,5.61
1779222666,ami-esp32c6-f84c,True,0,11,35,5,4,9,25,8,Child,30,21405,5.61
1779222666,ami-esp32c6-f854,False,3274,0,0,1,0,3,12,2,Child,30,21405,5.61
1779222666,ami-esp32c6-fbb4,True,0,0,0,5,3,6,18,8,Child,30,21405,5.61
1779222666,ami-esp32c6-fbb8,False,2048,2,12,4,2,6,278,16,Child,30,21405,5.61
1779222756,ami-esp32c6-08fc,True,2,0,0,3,2,4,15,8,Child,24,21419,8.91
1779222756,ami-esp32c6-091c,True,560,0,0,2,1,4,19,8,Child,24,21419,8.91
1779222756,ami-esp32c6-1494,True,114,0,0,3,2,4,13,8,Child,24,21419,8.91
1779222756,ami-esp32c6-1498,True,2,12,29,9,3,6,20,8,Child,24,21419,8.91
1779222756,ami-esp32c6-14bc,True,184,1,10,6,2,4,14,2,Child,24,21419,8.91
1779222756,ami-esp32c6-14c8,True,126,0,0,3,3,4,11,8,Child,24,21419,8.91
1779222756,ami-esp32c6-1534,True,27,0,0,4,3,5,20,8,Child,24,21419,8.91
1779222756,ami-esp32c6-1558,True,14,0,0,3,2,6,14,2,Child,24,21419,8.91
1779222756,ami-esp32c6-155c,True,7,0,0,4,3,7,16,8,Child,24,21419,8.91
1779222756,ami-esp32c6-15d8,True,152,0,0,2,1,3,37,8,Child,24,21419,8.91
1779222756,ami-esp32c6-ba64,False,1940,0,6,5,3,8,9,2,Child,24,21419,8.91
1779222756,ami-esp32c6-c144,True,564,0,0,2,1,3,14,8,Child,24,21419,8.91
1779222756,ami-esp32c6-c60c,True,14,0,0,2,1,4,33,8,Child,24,21419,8.91
1779222756,ami-esp32c6-c61c,True,18,0,0,2,1,4,35,8,Child,24,21419,8.91
1779222756,ami-esp32c6-d2b4,True,116,0,0,4,3,6,25,8,Child,24,21419,8.91
1779222756,ami-esp32c6-f6c8,True,2,0,0,3,2,4,15,8,Child,24,21419,8.91
1779222756,ami-esp32c6-f6d4,True,158,0,0,2,1,3,29,8,Child,24,21419,8.91
1779222756,ami-esp32c6-f6e4,True,164,0,0,2,1,3,19,8,Child,24,21419,8.91
1779222756,ami-esp32c6-f768,True,18,0,0,4,3,6,35,2,Child,24,21419,8.91
1779222756,ami-esp32c6-f788,True,7,0,0,4,3,7,17,16,Child,24,21419,8.91
1779222756,ami-esp32c6-f794,True,13,0,0,1,0,7,20,2,Child,24,21419,8.91
1779222756,ami-esp32c6-f79c,True,98,1,2,4,3,4,1254,2,Child,24,21419,8.91
1779222756,ami-esp32c6-f7b4,True,5,0,0,3,2,4,11,8,Child,24,21419,8.91
1779222756,ami-esp32c6-f7e8,True,224,0,0,2,1,3,12,8,Child,24,21419,8.91
1779222756,ami-esp32c6-f808,True,508,0,0,2,1,4,19,16,Child,24,21419,8.91
1779222756,ami-esp32c6-f81c,True,3,0,0,3,2,5,12,8,Child,24,21419,8.91
1779222756,ami-esp32c6-f84c,True,16,11,35,5,4,9,25,8,Child,24,21419,8.91
1779222756,ami-esp32c6-f854,False,3364,0,0,1,0,3,12,2,Child,24,21419,8.91
1779222756,ami-esp32c6-fbb4,True,5,0,0,5,3,6,18,8,Child,24,21419,8.91
1779222756,ami-esp32c6-fbb8,False,2138,2,12,4,2,6,278,16,Child,24,21419,8.91
1779222846,ami-esp32c6-08fc,True,2,0,0,3,2,4,15,8,Child,23,21434,5.20
1779222846,ami-esp32c6-091c,False,650,0,0,2,1,4,19,8,Child,23,21434,5.20
1779222846,ami-esp32c6-1494,True,84,0,0,3,2,4,13,8,Child,23,21434,5.20
1779222846,ami-esp32c6-1498,True,21,12,29,9,3,6,20,8,Child,23,21434,5.20
1779222846,ami-esp32c6-14bc,True,274,1,10,6,2,4,14,2,Child,23,21434,5.20
1779222846,ami-esp32c6-14c8,True,216,0,0,3,3,4,11,8,Child,23,21434,5.20
1779222846,ami-esp32c6-1534,True,21,0,0,4,3,5,20,8,Child,23,21434,5.20
1779222846,ami-esp32c6-1558,True,29,0,0,3,2,6,14,2,Child,23,21434,5.20
1779222846,ami-esp32c6-155c,True,7,0,0,4,3,7,16,8,Child,23,21434,5.20
1779222846,ami-esp32c6-15d8,True,242,0,0,2,1,3,37,8,Child,23,21434,5.20
1779222846,ami-esp32c6-ba64,False,2030,0,6,5,3,8,9,2,Child,23,21434,5.20
1779222846,ami-esp32c6-c144,False,654,0,0,2,1,3,14,8,Child,23,21434,5.20
1779222846,ami-esp32c6-c60c,True,7,0,0,2,1,4,33,8,Child,23,21434,5.20
1779222846,ami-esp32c6-c61c,True,2,0,0,2,1,4,35,8,Child,23,21434,5.20
1779222846,ami-esp32c6-d2b4,True,206,0,0,4,3,6,25,8,Child,23,21434,5.20
1779222846,ami-esp32c6-f6c8,True,8,0,0,3,2,4,15,8,Child,23,21434,5.20
1779222846,ami-esp32c6-f6d4,True,248,0,0,2,1,3,29,8,Child,23,21434,5.20
1779222846,ami-esp32c6-f6e4,True,254,0,0,2,1,3,19,8,Child,23,21434,5.20
1779222846,ami-esp32c6-f768,True,17,0,0,4,3,6,35,2,Child,23,21434,5.20
1779222846,ami-esp32c6-f788,True,6,0,0,4,3,7,17,16,Child,23,21434,5.20
1779222846,ami-esp32c6-f794,True,5,0,0,1,2,7,20,2,Child,23,21434,5.20
1779222846,ami-esp32c6-f79c,True,188,1,2,4,3,4,1254,2,Child,23,21434,5.20
1779222846,ami-esp32c6-f7b4,True,4,0,0,3,2,4,11,8,Child,23,21434,5.20
1779222846,ami-esp32c6-f7e8,True,314,0,0,2,1,3,12,8,Child,23,21434,5.20
1779222846,ami-esp32c6-f808,True,598,0,0,2,1,4,19,16,Child,23,21434,5.20
1779222846,ami-esp32c6-f81c,True,3,0,0,3,2,5,12,8,Child,23,21434,5.20
1779222846,ami-esp32c6-f84c,True,1,11,35,5,4,9,25,8,Child,23,21434,5.20
1779222846,ami-esp32c6-f854,False,3454,0,0,1,0,3,12,2,Child,23,21434,5.20
1779222846,ami-esp32c6-fbb4,True,5,0,0,5,3,6,18,8,Child,23,21434,5.20
1779222846,ami-esp32c6-fbb8,False,2228,2,12,4,2,6,278,16,Child,23,21434,5.20
1779222936,ami-esp32c6-08fc,True,42,0,0,3,2,4,15,8,Child,21,21448,6.43
1779222936,ami-esp32c6-091c,False,740,0,0,2,1,4,19,8,Child,21,21448,6.43
1779222936,ami-esp32c6-1494,True,174,0,0,3,2,4,13,8,Child,21,21448,6.43
1779222936,ami-esp32c6-1498,True,7,12,29,9,3,6,20,8,Child,21,21448,6.43
1779222936,ami-esp32c6-14bc,True,364,1,10,6,2,4,14,2,Child,21,21448,6.43
1779222936,ami-esp32c6-14c8,True,306,0,0,3,3,4,11,8,Child,21,21448,6.43
1779222936,ami-esp32c6-1534,True,26,0,0,4,3,5,20,8,Child,21,21448,6.43
1779222936,ami-esp32c6-1558,True,13,0,0,3,2,6,14,2,Child,21,21448,6.43
1779222936,ami-esp32c6-155c,True,7,0,0,4,3,7,16,8,Child,21,21448,6.43
1779222936,ami-esp32c6-15d8,True,332,0,0,2,1,3,37,8,Child,21,21448,6.43
1779222936,ami-esp32c6-ba64,False,2120,0,6,5,3,8,9,2,Child,21,21448,6.43
1779222936,ami-esp32c6-c144,False,744,0,0,2,1,3,14,8,Child,21,21448,6.43
1779222936,ami-esp32c6-c60c,True,12,0,0,2,1,4,33,8,Child,21,21448,6.43
1779222936,ami-esp32c6-c61c,True,42,0,0,2,1,4,35,8,Child,21,21448,6.43
1779222936,ami-esp32c6-d2b4,True,296,0,0,4,3,6,25,8,Child,21,21448,6.43
1779222936,ami-esp32c6-f6c8,True,38,0,0,3,2,4,15,8,Child,21,21448,6.43
1779222936,ami-esp32c6-f6d4,True,338,0,0,2,1,3,29,8,Child,21,21448,6.43
1779222936,ami-esp32c6-f6e4,True,344,0,0,2,1,3,19,8,Child,21,21448,6.43
1779222936,ami-esp32c6-f768,True,18,0,0,4,3,6,35,2,Child,21,21448,6.43
1779222936,ami-esp32c6-f788,True,15,0,0,4,3,7,17,16,Child,21,21448,6.43
1779222936,ami-esp32c6-f794,True,16,0,0,2,2,7,178,2,Child,21,21448,6.43
1779222936,ami-esp32c6-f79c,True,278,1,2,4,3,4,1254,2,Child,21,21448,6.43
1779222936,ami-esp32c6-f7b4,True,17,0,0,3,2,4,11,8,Child,21,21448,6.43
1779222936,ami-esp32c6-f7e8,True,404,0,0,2,1,3,12,8,Child,21,21448,6.43
1779222936,ami-esp32c6-f808,False,688,0,0,2,1,4,19,16,Child,21,21448,6.43
1779222936,ami-esp32c6-f81c,True,19,0,0,3,2,5,12,8,Child,21,21448,6.43
1779222936,ami-esp32c6-f84c,True,1,11,35,5,4,9,25,8,Child,21,21448,6.43
1779222936,ami-esp32c6-f854,False,3544,0,0,1,0,3,12,2,Child,21,21448,6.43
1779222936,ami-esp32c6-fbb4,True,64,0,0,5,3,6,18,8,Child,21,21448,6.43
1779222936,ami-esp32c6-fbb8,False,2318,2,12,4,2,6,278,16,Child,21,21448,6.43
1779223026,ami-esp32c6-08fc,True,30,0,0,3,2,4,15,8,Child,13,21459,5.13
1779223026,ami-esp32c6-091c,False,830,0,0,2,1,4,19,8,Child,13,21459,5.13
1779223026,ami-esp32c6-1494,True,264,0,0,3,2,4,13,8,Child,13,21459,5.13
1779223026,ami-esp32c6-1498,True,54,12,29,9,3,6,20,8,Child,13,21459,5.13
1779223026,ami-esp32c6-14bc,True,454,1,10,6,2,4,14,2,Child,13,21459,5.13
1779223026,ami-esp32c6-14c8,True,396,0,0,3,3,4,11,8,Child,13,21459,5.13
1779223026,ami-esp32c6-1534,True,116,0,0,4,3,5,20,8,Child,13,21459,5.13
1779223026,ami-esp32c6-1558,True,72,0,0,3,2,6,14,2,Child,13,21459,5.13
1779223026,ami-esp32c6-155c,True,9,0,0,4,3,7,16,8,Child,13,21459,5.13
1779223026,ami-esp32c6-15d8,True,422,0,0,2,1,3,37,8,Child,13,21459,5.13
1779223026,ami-esp32c6-ba64,False,2210,0,6,5,3,8,9,2,Child,13,21459,5.13
1779223026,ami-esp32c6-c144,False,834,0,0,2,1,3,14,8,Child,13,21459,5.13
1779223026,ami-esp32c6-c60c,True,102,0,0,2,1,4,33,8,Child,13,21459,5.13
1779223026,ami-esp32c6-c61c,True,5,0,0,2,1,4,35,8,Child,13,21459,5.13
1779223026,ami-esp32c6-d2b4,True,386,0,0,4,3,6,25,8,Child,13,21459,5.13
1779223026,ami-esp32c6-f6c8,True,32,0,0,3,2,4,15,8,Child,13,21459,5.13
1779223026,ami-esp32c6-f6d4,True,428,0,0,2,1,3,29,8,Child,13,21459,5.13
1779223026,ami-esp32c6-f6e4,True,434,0,0,2,1,3,19,8,Child,13,21459,5.13
1779223026,ami-esp32c6-f768,True,108,0,0,4,3,6,35,2,Child,13,21459,5.13
1779223026,ami-esp32c6-f788,True,16,0,0,4,3,7,17,16,Child,13,21459,5.13
1779223026,ami-esp32c6-f794,True,28,0,0,2,2,7,178,2,Child,13,21459,5.13
1779223026,ami-esp32c6-f79c,True,368,1,2,4,3,4,1254,2,Child,13,21459,5.13
1779223026,ami-esp32c6-f7b4,True,55,0,0,3,2,4,11,8,Child,13,21459,5.13
1779223026,ami-esp32c6-f7e8,True,494,0,0,2,1,3,12,8,Child,13,21459,5.13
1779223026,ami-esp32c6-f808,False,778,0,0,2,1,4,19,16,Child,13,21459,5.13
1779223026,ami-esp32c6-f81c,True,40,0,0,3,2,5,12,8,Child,13,21459,5.13
1779223026,ami-esp32c6-f84c,True,0,11,35,5,4,9,25,8,Child,13,21459,5.13
1779223026,ami-esp32c6-f854,False,3634,0,0,1,0,3,12,2,Child,13,21459,5.13
1779223026,ami-esp32c6-fbb4,True,34,0,0,5,3,6,18,8,Child,13,21459,5.13
1779223026,ami-esp32c6-fbb8,False,2408,2,12,4,2,6,278,16,Child,13,21459,5.13
1779223116,ami-esp32c6-08fc,True,120,0,0,3,2,4,15,8,Child,12,21468,6.49
1779223116,ami-esp32c6-091c,False,920,0,0,2,1,4,19,8,Child,12,21468,6.49
1779223116,ami-esp32c6-1494,True,354,0,0,3,2,4,13,8,Child,12,21468,6.49
1779223116,ami-esp32c6-1498,True,24,12,29,9,3,6,20,8,Child,12,21468,6.49
1779223116,ami-esp32c6-14bc,True,544,1,10,6,2,4,14,2,Child,12,21468,6.49
1779223116,ami-esp32c6-14c8,True,486,0,0,3,3,4,11,8,Child,12,21468,6.49
1779223116,ami-esp32c6-1534,True,206,0,0,4,3,5,20,8,Child,12,21468,6.49
1779223116,ami-esp32c6-1558,True,72,0,0,3,2,6,14,2,Child,12,21468,6.49
1779223116,ami-esp32c6-155c,True,28,0,0,4,3,7,16,8,Child,12,21468,6.49
1779223116,ami-esp32c6-15d8,True,512,0,0,2,1,3,37,8,Child,12,21468,6.49
1779223116,ami-esp32c6-ba64,False,2300,0,6,5,3,8,9,2,Child,12,21468,6.49
1779223116,ami-esp32c6-c144,False,924,0,0,2,1,3,14,8,Child,12,21468,6.49
1779223116,ami-esp32c6-c60c,True,192,0,0,2,1,4,33,8,Child,12,21468,6.49
1779223116,ami-esp32c6-c61c,True,22,0,0,2,1,4,35,8,Child,12,21468,6.49
1779223116,ami-esp32c6-d2b4,True,476,0,0,4,3,6,25,8,Child,12,21468,6.49
1779223116,ami-esp32c6-f6c8,True,122,0,0,3,2,4,15,8,Child,12,21468,6.49
1779223116,ami-esp32c6-f6d4,True,518,0,0,2,1,3,29,8,Child,12,21468,6.49
1779223116,ami-esp32c6-f6e4,True,524,0,0,2,1,3,19,8,Child,12,21468,6.49
1779223116,ami-esp32c6-f768,True,198,0,0,4,3,6,35,2,Child,12,21468,6.49
1779223116,ami-esp32c6-f788,True,0,0,0,4,3,7,17,16,Child,12,21468,6.49
1779223116,ami-esp32c6-f794,True,6,0,0,2,2,7,178,2,Child,12,21468,6.49
1779223116,ami-esp32c6-f79c,True,458,1,2,4,3,4,1254,2,Child,12,21468,6.49
1779223116,ami-esp32c6-f7b4,True,36,0,0,3,2,4,11,8,Child,12,21468,6.49
1779223116,ami-esp32c6-f7e8,True,584,0,0,2,1,3,12,8,Child,12,21468,6.49
1779223116,ami-esp32c6-f808,False,868,0,0,2,1,4,19,16,Child,12,21468,6.49
1779223116,ami-esp32c6-f81c,True,130,0,0,3,2,5,12,8,Child,12,21468,6.49
1779223116,ami-esp32c6-f84c,True,0,11,35,5,4,9,25,8,Child,12,21468,6.49
1779223116,ami-esp32c6-f854,False,3724,0,0,1,0,3,12,2,Child,12,21468,6.49
1779223116,ami-esp32c6-fbb4,True,124,0,0,5,3,6,18,8,Child,12,21468,6.49
1779223116,ami-esp32c6-fbb8,False,2498,2,12,4,2,6,278,16,Child,12,21468,6.49
1779223206,ami-esp32c6-08fc,True,210,0,0,3,2,4,15,8,Child,13,21479,5.34
1779223206,ami-esp32c6-091c,False,1010,0,0,2,1,4,19,8,Child,13,21479,5.34
1779223206,ami-esp32c6-1494,True,444,0,0,3,2,4,13,8,Child,13,21479,5.34
1779223206,ami-esp32c6-1498,True,114,12,29,9,3,6,20,8,Child,13,21479,5.34
1779223206,ami-esp32c6-14bc,False,634,1,10,6,2,4,14,2,Child,13,21479,5.34
1779223206,ami-esp32c6-14c8,True,576,0,0,3,3,4,11,8,Child,13,21479,5.34
1779223206,ami-esp32c6-1534,True,296,0,0,4,3,5,20,8,Child,13,21479,5.34
1779223206,ami-esp32c6-1558,True,162,0,0,3,2,6,14,2,Child,13,21479,5.34
1779223206,ami-esp32c6-155c,True,118,0,0,4,3,7,16,8,Child,13,21479,5.34
1779223206,ami-esp32c6-15d8,True,602,0,0,2,1,3,37,8,Child,13,21479,5.34
1779223206,ami-esp32c6-ba64,False,2390,0,6,5,3,8,9,2,Child,13,21479,5.34
1779223206,ami-esp32c6-c144,False,1014,0,0,2,1,3,14,8,Child,13,21479,5.34
1779223206,ami-esp32c6-c60c,True,282,0,0,2,1,4,33,8,Child,13,21479,5.34
1779223206,ami-esp32c6-c61c,True,112,0,0,2,1,4,35,8,Child,13,21479,5.34
1779223206,ami-esp32c6-d2b4,True,566,0,0,4,3,6,25,8,Child,13,21479,5.34
1779223206,ami-esp32c6-f6c8,True,212,0,0,3,2,4,15,8,Child,13,21479,5.34
1779223206,ami-esp32c6-f6d4,True,608,0,0,2,1,3,29,8,Child,13,21479,5.34
1779223206,ami-esp32c6-f6e4,True,614,0,0,2,1,3,19,8,Child,13,21479,5.34
1779223206,ami-esp32c6-f768,True,288,0,0,4,3,6,35,2,Child,13,21479,5.34
1779223206,ami-esp32c6-f788,True,0,0,0,4,3,7,17,16,Child,13,21479,5.34
1779223206,ami-esp32c6-f794,True,96,0,0,2,2,7,178,2,Child,13,21479,5.34
1779223206,ami-esp32c6-f79c,True,548,1,2,4,3,4,1254,2,Child,13,21479,5.34
1779223206,ami-esp32c6-f7b4,True,126,0,0,3,2,4,11,8,Child,13,21479,5.34
1779223206,ami-esp32c6-f7e8,False,674,0,0,2,1,3,12,8,Child,13,21479,5.34
1779223206,ami-esp32c6-f808,False,958,0,0,2,1,4,19,16,Child,13,21479,5.34
1779223206,ami-esp32c6-f81c,True,220,0,0,3,2,5,12,8,Child,13,21479,5.34
1779223206,ami-esp32c6-f84c,True,0,11,35,5,4,9,25,8,Child,13,21479,5.34
1779223206,ami-esp32c6-f854,False,3814,0,0,1,0,3,12,2,Child,13,21479,5.34
1779223206,ami-esp32c6-fbb4,True,214,0,0,5,3,6,18,8,Child,13,21479,5.34
1779223206,ami-esp32c6-fbb8,False,2588,2,12,4,2,6,278,16,Child,13,21479,5.34
1779223296,ami-esp32c6-08fc,True,300,0,0,3,2,4,15,8,Child,9,21488,5.32
1779223296,ami-esp32c6-091c,False,1100,0,0,2,1,4,19,8,Child,9,21488,5.32
1779223296,ami-esp32c6-1494,True,534,0,0,3,2,4,13,8,Child,9,21488,5.32
1779223296,ami-esp32c6-1498,True,84,12,29,9,3,6,20,8,Child,9,21488,5.32
1779223296,ami-esp32c6-14bc,False,724,1,10,6,2,4,14,2,Child,9,21488,5.32
1779223296,ami-esp32c6-14c8,False,666,0,0,3,3,4,11,8,Child,9,21488,5.32
1779223296,ami-esp32c6-1534,True,386,0,0,4,3,5,20,8,Child,9,21488,5.32
1779223296,ami-esp32c6-1558,True,252,0,0,3,2,6,14,2,Child,9,21488,5.32
1779223296,ami-esp32c6-155c,True,208,0,0,4,3,7,16,8,Child,9,21488,5.32
1779223296,ami-esp32c6-15d8,False,692,0,0,2,1,3,37,8,Child,9,21488,5.32
1779223296,ami-esp32c6-ba64,False,2480,0,6,5,3,8,9,2,Child,9,21488,5.32
1779223296,ami-esp32c6-c144,False,1104,0,0,2,1,3,14,8,Child,9,21488,5.32
1779223296,ami-esp32c6-c60c,True,372,0,0,2,1,4,33,8,Child,9,21488,5.32
1779223296,ami-esp32c6-c61c,True,202,0,0,2,1,4,35,8,Child,9,21488,5.32
1779223296,ami-esp32c6-d2b4,False,656,0,0,4,3,6,25,8,Child,9,21488,5.32
1779223296,ami-esp32c6-f6c8,True,302,0,0,3,2,4,15,8,Child,9,21488,5.32
1779223296,ami-esp32c6-f6d4,False,698,0,0,2,1,3,29,8,Child,9,21488,5.32
1779223296,ami-esp32c6-f6e4,False,704,0,0,2,1,3,19,8,Child,9,21488,5.32
1779223296,ami-esp32c6-f768,True,378,0,0,4,3,6,35,2,Child,9,21488,5.32
1779223296,ami-esp32c6-f788,True,1,0,0,4,3,7,17,16,Child,9,21488,5.32
1779223296,ami-esp32c6-f794,True,186,0,0,2,2,7,178,2,Child,9,21488,5.32
1779223296,ami-esp32c6-f79c,False,638,1,2,4,3,4,1254,2,Child,9,21488,5.32
1779223296,ami-esp32c6-f7b4,True,216,0,0,3,2,4,11,8,Child,9,21488,5.32
1779223296,ami-esp32c6-f7e8,False,764,0,0,2,1,3,12,8,Child,9,21488,5.32
1779223296,ami-esp32c6-f808,False,1048,0,0,2,1,4,19,16,Child,9,21488,5.32
1779223296,ami-esp32c6-f81c,True,310,0,0,3,2,5,12,8,Child,9,21488,5.32
1779223296,ami-esp32c6-f84c,True,0,11,35,5,4,9,25,8,Child,9,21488,5.32
1779223296,ami-esp32c6-f854,False,3904,0,0,1,0,3,12,2,Child,9,21488,5.32
1779223296,ami-esp32c6-fbb4,True,304,0,0,5,3,6,18,8,Child,9,21488,5.32
1779223296,ami-esp32c6-fbb8,False,2678,2,12,4,2,6,278,16,Child,9,21488,5.32
1779223386,ami-esp32c6-08fc,True,390,0,0,3,2,4,15,8,Child,10,21498,5.31
1779223386,ami-esp32c6-091c,False,1190,0,0,2,1,4,19,8,Child,10,21498,5.31
1779223386,ami-esp32c6-1494,True,624,0,0,3,2,4,13,8,Child,10,21498,5.31
1779223386,ami-esp32c6-1498,True,174,12,29,9,3,6,20,8,Child,10,21498,5.31
1779223386,ami-esp32c6-14bc,False,814,1,10,6,2,4,14,2,Child,10,21498,5.31
1779223386,ami-esp32c6-14c8,False,756,0,0,3,3,4,11,8,Child,10,21498,5.31
1779223386,ami-esp32c6-1534,True,476,0,0,4,3,5,20,8,Child,10,21498,5.31
1779223386,ami-esp32c6-1558,True,342,0,0,3,2,6,14,2,Child,10,21498,5.31
1779223386,ami-esp32c6-155c,True,298,0,0,4,3,7,16,8,Child,10,21498,5.31
1779223386,ami-esp32c6-15d8,False,782,0,0,2,1,3,37,8,Child,10,21498,5.31
1779223386,ami-esp32c6-ba64,False,2570,0,6,5,3,8,9,2,Child,10,21498,5.31
1779223386,ami-esp32c6-c144,False,1194,0,0,2,1,3,14,8,Child,10,21498,5.31
1779223386,ami-esp32c6-c60c,True,462,0,0,2,1,4,33,8,Child,10,21498,5.31
1779223386,ami-esp32c6-c61c,True,292,0,0,2,1,4,35,8,Child,10,21498,5.31
1779223386,ami-esp32c6-d2b4,False,746,0,0,4,3,6,25,8,Child,10,21498,5.31
1779223386,ami-esp32c6-f6c8,True,392,0,0,3,2,4,15,8,Child,10,21498,5.31
1779223386,ami-esp32c6-f6d4,False,788,0,0,2,1,3,29,8,Child,10,21498,5.31
1779223386,ami-esp32c6-f6e4,False,794,0,0,2,1,3,19,8,Child,10,21498,5.31
1779223386,ami-esp32c6-f768,True,468,0,0,4,3,6,35,2,Child,10,21498,5.31
1779223386,ami-esp32c6-f788,True,15,0,0,4,3,7,17,16,Child,10,21498,5.31
1779223386,ami-esp32c6-f794,True,276,0,0,2,2,7,178,2,Child,10,21498,5.31
1779223386,ami-esp32c6-f79c,False,728,1,2,4,3,4,1254,2,Child,10,21498,5.31
1779223386,ami-esp32c6-f7b4,True,306,0,0,3,2,4,11,8,Child,10,21498,5.31
1779223386,ami-esp32c6-f7e8,False,854,0,0,2,1,3,12,8,Child,10,21498,5.31
1779223386,ami-esp32c6-f808,False,1138,0,0,2,1,4,19,16,Child,10,21498,5.31
1779223386,ami-esp32c6-f81c,True,400,0,0,3,2,5,12,8,Child,10,21498,5.31
1779223386,ami-esp32c6-f84c,True,1,11,35,5,4,9,25,8,Child,10,21498,5.31
1779223386,ami-esp32c6-f854,False,3994,0,0,1,0,3,12,2,Child,10,21498,5.31
1779223386,ami-esp32c6-fbb4,True,394,0,0,5,3,6,18,8,Child,10,21498,5.31
1779223386,ami-esp32c6-fbb8,False,2768,2,12,4,2,6,278,16,Child,10,21498,5.31
1779223476,ami-esp32c6-08fc,True,480,0,0,3,2,4,15,8,Child,11,21508,11.65
1779223476,ami-esp32c6-091c,False,1280,0,0,2,1,4,19,8,Child,11,21508,11.65
1779223476,ami-esp32c6-1494,False,714,0,0,3,2,4,13,8,Child,11,21508,11.65
1779223476,ami-esp32c6-1498,True,264,12,29,9,3,6,20,8,Child,11,21508,11.65
1779223476,ami-esp32c6-14bc,False,904,1,10,6,2,4,14,2,Child,11,21508,11.65
1779223476,ami-esp32c6-14c8,False,846,0,0,3,3,4,11,8,Child,11,21508,11.65
1779223476,ami-esp32c6-1534,True,566,0,0,4,3,5,20,8,Child,11,21508,11.65
1779223476,ami-esp32c6-1558,True,432,0,0,3,2,6,14,2,Child,11,21508,11.65
1779223476,ami-esp32c6-155c,True,388,0,0,4,3,7,16,8,Child,11,21508,11.65
1779223476,ami-esp32c6-15d8,False,872,0,0,2,1,3,37,8,Child,11,21508,11.65
1779223476,ami-esp32c6-ba64,False,2660,0,6,5,3,8,9,2,Child,11,21508,11.65
1779223476,ami-esp32c6-c144,False,1284,0,0,2,1,3,14,8,Child,11,21508,11.65
1779223476,ami-esp32c6-c60c,True,2,2,3,4,2,6,83,2,Child,11,21508,11.65
1779223476,ami-esp32c6-c61c,True,382,0,0,2,1,4,35,8,Child,11,21508,11.65
1779223476,ami-esp32c6-d2b4,False,836,0,0,4,3,6,25,8,Child,11,21508,11.65
1779223476,ami-esp32c6-f6c8,True,482,0,0,3,2,4,15,8,Child,11,21508,11.65
1779223476,ami-esp32c6-f6d4,False,878,0,0,2,1,3,29,8,Child,11,21508,11.65
1779223476,ami-esp32c6-f6e4,False,884,0,0,2,1,3,19,8,Child,11,21508,11.65
1779223476,ami-esp32c6-f768,True,558,0,0,4,3,6,35,2,Child,11,21508,11.65
1779223476,ami-esp32c6-f788,True,2,0,0,4,3,7,17,16,Child,11,21508,11.65
1779223476,ami-esp32c6-f794,True,366,0,0,2,2,7,178,2,Child,11,21508,11.65
1779223476,ami-esp32c6-f79c,False,818,1,2,4,3,4,1254,2,Child,11,21508,11.65
1779223476,ami-esp32c6-f7b4,True,396,0,0,3,2,4,11,8,Child,11,21508,11.65
1779223476,ami-esp32c6-f7e8,False,944,0,0,2,1,3,12,8,Child,11,21508,11.65
1779223476,ami-esp32c6-f808,False,1228,0,0,2,1,4,19,16,Child,11,21508,11.65
1779223476,ami-esp32c6-f81c,True,490,0,0,3,2,5,12,8,Child,11,21508,11.65
1779223476,ami-esp32c6-f84c,True,0,11,35,5,4,9,25,8,Child,11,21508,11.65
1779223476,ami-esp32c6-f854,False,4084,0,0,1,0,3,12,2,Child,11,21508,11.65
1779223476,ami-esp32c6-fbb4,True,484,0,0,5,3,6,18,8,Child,11,21508,11.65
1779223476,ami-esp32c6-fbb8,False,2858,2,12,4,2,6,278,16,Child,11,21508,11.65
1779223566,ami-esp32c6-08fc,True,570,0,0,3,2,4,15,8,Child,16,21524,5.96
1779223566,ami-esp32c6-091c,False,1370,0,0,2,1,4,19,8,Child,16,21524,5.96
1779223566,ami-esp32c6-1494,False,804,0,0,3,2,4,13,8,Child,16,21524,5.96
1779223566,ami-esp32c6-1498,True,354,12,29,9,3,6,20,8,Child,16,21524,5.96
1779223566,ami-esp32c6-14bc,False,994,1,10,6,2,4,14,2,Child,16,21524,5.96
1779223566,ami-esp32c6-14c8,False,936,0,0,3,3,4,11,8,Child,16,21524,5.96
1779223566,ami-esp32c6-1534,True,79,6,0,4,3,7,20,8,Child,16,21524,5.96
1779223566,ami-esp32c6-1558,True,522,0,0,3,2,6,14,2,Child,16,21524,5.96
1779223566,ami-esp32c6-155c,True,478,0,0,4,3,7,16,8,Child,16,21524,5.96
1779223566,ami-esp32c6-15d8,False,962,0,0,2,1,3,37,8,Child,16,21524,5.96
1779223566,ami-esp32c6-ba64,False,2750,0,6,5,3,8,9,2,Child,16,21524,5.96
1779223566,ami-esp32c6-c144,False,1374,0,0,2,1,3,14,8,Child,16,21524,5.96
1779223566,ami-esp32c6-c60c,True,72,2,3,4,2,6,83,2,Child,16,21524,5.96
1779223566,ami-esp32c6-c61c,True,472,0,0,2,1,4,35,8,Child,16,21524,5.96
1779223566,ami-esp32c6-d2b4,False,926,0,0,4,3,6,25,8,Child,16,21524,5.96
1779223566,ami-esp32c6-f6c8,True,17,4,7,6,3,5,24,2,Child,16,21524,5.96
1779223566,ami-esp32c6-f6d4,False,968,0,0,2,1,3,29,8,Child,16,21524,5.96
1779223566,ami-esp32c6-f6e4,False,974,0,0,2,1,3,19,8,Child,16,21524,5.96
1779223566,ami-esp32c6-f768,False,648,0,0,4,3,6,35,2,Child,16,21524,5.96
1779223566,ami-esp32c6-f788,True,92,0,0,4,3,7,17,16,Child,16,21524,5.96
1779223566,ami-esp32c6-f794,True,456,0,0,2,2,7,178,2,Child,16,21524,5.96
1779223566,ami-esp32c6-f79c,False,908,1,2,4,3,4,1254,2,Child,16,21524,5.96
1779223566,ami-esp32c6-f7b4,True,1,2,15,3,3,5,29,2,Child,16,21524,5.96
1779223566,ami-esp32c6-f7e8,False,1034,0,0,2,1,3,12,8,Child,16,21524,5.96
1779223566,ami-esp32c6-f808,False,1318,0,0,2,1,4,19,16,Child,16,21524,5.96
1779223566,ami-esp32c6-f81c,True,580,0,0,3,2,5,12,8,Child,16,21524,5.96
1779223566,ami-esp32c6-f84c,True,0,11,35,5,4,9,25,8,Child,16,21524,5.96
1779223566,ami-esp32c6-f854,False,4174,0,0,1,0,3,12,2,Child,16,21524,5.96
1779223566,ami-esp32c6-fbb4,True,574,0,0,5,3,6,18,8,Child,16,21524,5.96
1779223566,ami-esp32c6-fbb8,False,2948,2,12,4,2,6,278,16,Child,16,21524,5.96
1779223656,ami-esp32c6-08fc,False,660,0,0,3,2,4,15,8,Child,13,21536,6.46
1779223656,ami-esp32c6-091c,False,1460,0,0,2,1,4,19,8,Child,13,21536,6.46
1779223656,ami-esp32c6-1494,False,894,0,0,3,2,4,13,8,Child,13,21536,6.46
1779223656,ami-esp32c6-1498,True,444,12,29,9,3,6,20,8,Child,13,21536,6.46
1779223656,ami-esp32c6-14bc,False,1084,1,10,6,2,4,14,2,Child,13,21536,6.46
1779223656,ami-esp32c6-14c8,False,1026,0,0,3,3,4,11,8,Child,13,21536,6.46
1779223656,ami-esp32c6-1534,True,30,6,0,5,5,7,20,8,Child,13,21536,6.46
1779223656,ami-esp32c6-1558,False,612,0,0,3,2,6,14,2,Child,13,21536,6.46
1779223656,ami-esp32c6-155c,True,24,6,0,4,3,9,16,8,Child,13,21536,6.46
1779223656,ami-esp32c6-15d8,False,1052,0,0,2,1,3,37,8,Child,13,21536,6.46
1779223656,ami-esp32c6-ba64,False,2840,0,6,5,3,8,9,2,Child,13,21536,6.46
1779223656,ami-esp32c6-c144,False,1464,0,0,2,1,3,14,8,Child,13,21536,6.46
1779223656,ami-esp32c6-c60c,True,76,2,3,4,2,6,83,2,Child,13,21536,6.46
1779223656,ami-esp32c6-c61c,True,562,0,0,2,1,4,35,8,Child,13,21536,6.46
1779223656,ami-esp32c6-d2b4,False,1016,0,0,4,3,6,25,8,Child,13,21536,6.46
1779223656,ami-esp32c6-f6c8,True,107,4,7,6,3,5,24,2,Child,13,21536,6.46
1779223656,ami-esp32c6-f6d4,False,1058,0,0,2,1,3,29,8,Child,13,21536,6.46
1779223656,ami-esp32c6-f6e4,False,1064,0,0,2,1,3,19,8,Child,13,21536,6.46
1779223656,ami-esp32c6-f768,False,738,0,0,4,3,6,35,2,Child,13,21536,6.46
1779223656,ami-esp32c6-f788,True,5,0,0,4,5,7,17,16,Child,13,21536,6.46
1779223656,ami-esp32c6-f794,True,546,0,0,2,2,7,178,2,Child,13,21536,6.46
1779223656,ami-esp32c6-f79c,False,998,1,2,4,3,4,1254,2,Child,13,21536,6.46
1779223656,ami-esp32c6-f7b4,True,1,2,15,5,3,5,29,2,Child,13,21536,6.46
1779223656,ami-esp32c6-f7e8,False,1124,0,0,2,1,3,12,8,Child,13,21536,6.46
1779223656,ami-esp32c6-f808,False,1408,0,0,2,1,4,19,16,Child,13,21536,6.46
1779223656,ami-esp32c6-f81c,False,670,0,0,3,2,5,12,8,Child,13,21536,6.46
1779223656,ami-esp32c6-f84c,True,0,11,35,5,4,9,25,8,Child,13,21536,6.46
1779223656,ami-esp32c6-f854,False,4264,0,0,1,0,3,12,2,Child,13,21536,6.46
1779223656,ami-esp32c6-fbb4,False,664,0,0,5,3,6,18,8,Child,13,21536,6.46
1779223656,ami-esp32c6-fbb8,False,3038,2,12,4,2,6,278,16,Child,13,21536,6.46
1779223746,ami-esp32c6-08fc,False,750,0,0,3,2,4,15,8,Child,11,21550,6.77
1779223746,ami-esp32c6-091c,False,1550,0,0,2,1,4,19,8,Child,11,21550,6.77
1779223746,ami-esp32c6-1494,False,984,0,0,3,2,4,13,8,Child,11,21550,6.77
1779223746,ami-esp32c6-1498,True,534,12,29,9,3,6,20,8,Child,11,21550,6.77
1779223746,ami-esp32c6-14bc,False,1174,1,10,6,2,4,14,2,Child,11,21550,6.77
1779223746,ami-esp32c6-14c8,False,1116,0,0,3,3,4,11,8,Child,11,21550,6.77
1779223746,ami-esp32c6-1534,True,20,6,0,5,5,7,20,8,Child,11,21550,6.77
1779223746,ami-esp32c6-1558,False,702,0,0,3,2,6,14,2,Child,11,21550,6.77
1779223746,ami-esp32c6-155c,True,11,6,0,4,3,9,16,2,Child,11,21550,6.77
1779223746,ami-esp32c6-15d8,False,1142,0,0,2,1,3,37,8,Child,11,21550,6.77
1779223746,ami-esp32c6-ba64,False,2930,0,6,5,3,8,9,2,Child,11,21550,6.77
1779223746,ami-esp32c6-c144,False,1554,0,0,2,1,3,14,8,Child,11,21550,6.77
1779223746,ami-esp32c6-c60c,True,166,2,3,4,2,6,83,2,Child,11,21550,6.77
1779223746,ami-esp32c6-c61c,False,652,0,0,2,1,4,35,8,Child,11,21550,6.77
1779223746,ami-esp32c6-d2b4,False,1106,0,0,4,3,6,25,8,Child,11,21550,6.77
1779223746,ami-esp32c6-f6c8,True,82,4,7,6,3,5,24,2,Child,11,21550,6.77
1779223746,ami-esp32c6-f6d4,False,1148,0,0,2,1,3,29,8,Child,11,21550,6.77
1779223746,ami-esp32c6-f6e4,False,1154,0,0,2,1,3,19,8,Child,11,21550,6.77
1779223746,ami-esp32c6-f768,False,828,0,0,4,3,6,35,2,Child,11,21550,6.77
1779223746,ami-esp32c6-f788,True,30,0,0,4,5,7,17,16,Child,11,21550,6.77
1779223746,ami-esp32c6-f794,False,636,0,0,2,2,7,178,2,Child,11,21550,6.77
1779223746,ami-esp32c6-f79c,False,1088,1,2,4,3,4,1254,2,Child,11,21550,6.77
1779223746,ami-esp32c6-f7b4,True,28,2,15,5,3,5,29,2,Child,11,21550,6.77
1779223746,ami-esp32c6-f7e8,False,1214,0,0,2,1,3,12,8,Child,11,21550,6.77
1779223746,ami-esp32c6-f808,False,1498,0,0,2,1,4,19,16,Child,11,21550,6.77
1779223746,ami-esp32c6-f81c,False,760,0,0,3,2,5,12,8,Child,11,21550,6.77
1779223746,ami-esp32c6-f84c,True,1,11,35,5,4,9,25,8,Child,11,21550,6.77
1779223746,ami-esp32c6-f854,False,4354,0,0,1,0,3,12,2,Child,11,21550,6.77
1779223746,ami-esp32c6-fbb4,False,754,0,0,5,3,6,18,8,Child,11,21550,6.77
1779223746,ami-esp32c6-fbb8,False,3128,2,12,4,2,6,278,16,Child,11,21550,6.77
1779223836,ami-esp32c6-08fc,False,840,0,0,3,2,4,15,8,Child,10,21565,6.12
1779223836,ami-esp32c6-091c,False,1640,0,0,2,1,4,19,8,Child,10,21565,6.12
1779223836,ami-esp32c6-1494,False,1074,0,0,3,2,4,13,8,Child,10,21565,6.12
1779223836,ami-esp32c6-1498,False,624,12,29,9,3,6,20,8,Child,10,21565,6.12
1779223836,ami-esp32c6-14bc,False,1264,1,10,6,2,4,14,2,Child,10,21565,6.12
1779223836,ami-esp32c6-14c8,False,1206,0,0,3,3,4,11,8,Child,10,21565,6.12
1779223836,ami-esp32c6-1534,True,20,6,0,5,5,7,20,2,Child,10,21565,6.12
1779223836,ami-esp32c6-1558,False,792,0,0,3,2,6,14,2,Child,10,21565,6.12
1779223836,ami-esp32c6-155c,True,3,6,18,5,5,9,141,2,Child,10,21565,6.12
1779223836,ami-esp32c6-15d8,False,1232,0,0,2,1,3,37,8,Child,10,21565,6.12
1779223836,ami-esp32c6-ba64,False,3020,0,6,5,3,8,9,2,Child,10,21565,6.12
1779223836,ami-esp32c6-c144,False,1644,0,0,2,1,3,14,8,Child,10,21565,6.12
1779223836,ami-esp32c6-c60c,True,256,2,3,4,2,6,83,2,Child,10,21565,6.12
1779223836,ami-esp32c6-c61c,True,26,5,19,3,2,7,59,2,Child,10,21565,6.12
1779223836,ami-esp32c6-d2b4,False,1196,0,0,4,3,6,25,8,Child,10,21565,6.12
1779223836,ami-esp32c6-f6c8,True,52,4,7,6,3,5,24,2,Child,10,21565,6.12
1779223836,ami-esp32c6-f6d4,False,1238,0,0,2,1,3,29,8,Child,10,21565,6.12
1779223836,ami-esp32c6-f6e4,False,1244,0,0,2,1,3,19,8,Child,10,21565,6.12
1779223836,ami-esp32c6-f768,False,918,0,0,4,3,6,35,2,Child,10,21565,6.12
1779223836,ami-esp32c6-f788,True,2,0,0,4,5,7,17,16,Child,10,21565,6.12
1779223836,ami-esp32c6-f794,False,726,0,0,2,2,7,178,2,Child,10,21565,6.12
1779223836,ami-esp32c6-f79c,False,1178,1,2,4,3,4,1254,2,Child,10,21565,6.12
1779223836,ami-esp32c6-f7b4,True,15,2,15,5,3,5,29,2,Child,10,21565,6.12
1779223836,ami-esp32c6-f7e8,False,1304,0,0,2,1,3,12,8,Child,10,21565,6.12
1779223836,ami-esp32c6-f808,False,1588,0,0,2,1,4,19,16,Child,10,21565,6.12
1779223836,ami-esp32c6-f81c,False,850,0,0,3,2,5,12,8,Child,10,21565,6.12
1779223836,ami-esp32c6-f84c,True,0,11,35,5,4,9,25,8,Child,10,21565,6.12
1779223836,ami-esp32c6-f854,False,4444,0,0,1,0,3,12,2,Child,10,21565,6.12
1779223836,ami-esp32c6-fbb4,False,844,0,0,5,3,6,18,8,Child,10,21565,6.12
1779223836,ami-esp32c6-fbb8,False,3218,2,12,4,2,6,278,16,Child,10,21565,6.12
1779223926,ami-esp32c6-08fc,False,930,0,0,3,2,4,15,8,Child,10,21576,4.92
1779223926,ami-esp32c6-091c,False,1730,0,0,2,1,4,19,8,Child,10,21576,4.92
1779223926,ami-esp32c6-1494,False,1164,0,0,3,2,4,13,8,Child,10,21576,4.92
1779223926,ami-esp32c6-1498,False,714,12,29,9,3,6,20,8,Child,10,21576,4.92
1779223926,ami-esp32c6-14bc,False,1354,1,10,6,2,4,14,2,Child,10,21576,4.92
1779223926,ami-esp32c6-14c8,False,1296,0,0,3,3,4,11,8,Child,10,21576,4.92
1779223926,ami-esp32c6-1534,True,28,6,0,5,5,7,20,2,Child,10,21576,4.92
1779223926,ami-esp32c6-1558,False,882,0,0,3,2,6,14,2,Child,10,21576,4.92
1779223926,ami-esp32c6-155c,True,4,6,18,5,5,9,141,2,Child,10,21576,4.92
1779223926,ami-esp32c6-15d8,False,1322,0,0,2,1,3,37,8,Child,10,21576,4.92
1779223926,ami-esp32c6-ba64,False,3110,0,6,5,3,8,9,2,Child,10,21576,4.92
1779223926,ami-esp32c6-c144,False,1734,0,0,2,1,3,14,8,Child,10,21576,4.92
1779223926,ami-esp32c6-c60c,True,346,2,3,4,2,6,83,2,Child,10,21576,4.92
1779223926,ami-esp32c6-c61c,True,25,5,19,3,2,7,59,2,Child,10,21576,4.92
1779223926,ami-esp32c6-d2b4,False,1286,0,0,4,3,6,25,8,Child,10,21576,4.92
1779223926,ami-esp32c6-f6c8,True,142,4,7,6,3,5,24,2,Child,10,21576,4.92
1779223926,ami-esp32c6-f6d4,False,1328,0,0,2,1,3,29,8,Child,10,21576,4.92
1779223926,ami-esp32c6-f6e4,False,1334,0,0,2,1,3,19,8,Child,10,21576,4.92
1779223926,ami-esp32c6-f768,False,1008,0,0,4,3,6,35,2,Child,10,21576,4.92
1779223926,ami-esp32c6-f788,True,92,0,0,4,5,7,17,16,Child,10,21576,4.92
1779223926,ami-esp32c6-f794,False,816,0,0,2,2,7,178,2,Child,10,21576,4.92
1779223926,ami-esp32c6-f79c,False,1268,1,2,4,3,4,1254,2,Child,10,21576,4.92
1779223926,ami-esp32c6-f7b4,True,38,2,15,5,3,5,29,2,Child,10,21576,4.92
1779223926,ami-esp32c6-f7e8,False,1394,0,0,2,1,3,12,8,Child,10,21576,4.92
1779223926,ami-esp32c6-f808,False,1678,0,0,2,1,4,19,16,Child,10,21576,4.92
1779223926,ami-esp32c6-f81c,False,940,0,0,3,2,5,12,8,Child,10,21576,4.92
1779223926,ami-esp32c6-f84c,True,0,11,35,5,4,9,25,8,Child,10,21576,4.92
1779223926,ami-esp32c6-f854,False,4534,0,0,1,0,3,12,2,Child,10,21576,4.92
1779223926,ami-esp32c6-fbb4,False,934,0,0,5,3,6,18,8,Child,10,21576,4.92
1779223926,ami-esp32c6-fbb8,False,3308,2,12,4,2,6,278,16,Child,10,21576,4.92
1779224016,ami-esp32c6-08fc,False,1020,0,0,3,2,4,15,8,Child,5,21585,5.98
1779224016,ami-esp32c6-091c,False,1820,0,0,2,1,4,19,8,Child,5,21585,5.98
1779224016,ami-esp32c6-1494,False,1254,0,0,3,2,4,13,8,Child,5,21585,5.98
1779224016,ami-esp32c6-1498,False,804,12,29,9,3,6,20,8,Child,5,21585,5.98
1779224016,ami-esp32c6-14bc,False,1444,1,10,6,2,4,14,2,Child,5,21585,5.98
1779224016,ami-esp32c6-14c8,False,1386,0,0,3,3,4,11,8,Child,5,21585,5.98
1779224016,ami-esp32c6-1534,True,118,6,0,5,5,7,20,2,Child,5,21585,5.98
1779224016,ami-esp32c6-1558,False,972,0,0,3,2,6,14,2,Child,5,21585,5.98
1779224016,ami-esp32c6-155c,True,7,6,18,5,5,9,141,2,Child,5,21585,5.98
1779224016,ami-esp32c6-15d8,False,1412,0,0,2,1,3,37,8,Child,5,21585,5.98
1779224016,ami-esp32c6-ba64,False,3200,0,6,5,3,8,9,2,Child,5,21585,5.98
1779224016,ami-esp32c6-c144,False,1824,0,0,2,1,3,14,8,Child,5,21585,5.98
1779224016,ami-esp32c6-c60c,True,436,2,3,4,2,6,83,2,Child,5,21585,5.98
1779224016,ami-esp32c6-c61c,True,12,5,19,3,2,7,59,2,Child,5,21585,5.98
1779224016,ami-esp32c6-d2b4,False,1376,0,0,4,3,6,25,8,Child,5,21585,5.98
1779224016,ami-esp32c6-f6c8,True,232,4,7,6,3,5,24,2,Child,5,21585,5.98
1779224016,ami-esp32c6-f6d4,False,1418,0,0,2,1,3,29,8,Child,5,21585,5.98
1779224016,ami-esp32c6-f6e4,False,1424,0,0,2,1,3,19,8,Child,5,21585,5.98
1779224016,ami-esp32c6-f768,False,1098,0,0,4,3,6,35,2,Child,5,21585,5.98
1779224016,ami-esp32c6-f788,True,62,0,0,4,5,7,17,16,Child,5,21585,5.98
1779224016,ami-esp32c6-f794,False,906,0,0,2,2,7,178,2,Child,5,21585,5.98
1779224016,ami-esp32c6-f79c,False,1358,1,2,4,3,4,1254,2,Child,5,21585,5.98
1779224016,ami-esp32c6-f7b4,True,128,2,15,5,3,5,29,2,Child,5,21585,5.98
1779224016,ami-esp32c6-f7e8,False,1484,0,0,2,1,3,12,8,Child,5,21585,5.98
1779224016,ami-esp32c6-f808,False,1768,0,0,2,1,4,19,16,Child,5,21585,5.98
1779224016,ami-esp32c6-f81c,False,1030,0,0,3,2,5,12,8,Child,5,21585,5.98
1779224016,ami-esp32c6-f84c,True,0,11,35,5,4,9,25,8,Child,5,21585,5.98
1779224016,ami-esp32c6-f854,False,4624,0,0,1,0,3,12,2,Child,5,21585,5.98
1779224016,ami-esp32c6-fbb4,False,1024,0,0,5,3,6,18,8,Child,5,21585,5.98
1779224016,ami-esp32c6-fbb8,False,3398,2,12,4,2,6,278,16,Child,5,21585,5.98
1779224106,ami-esp32c6-08fc,False,1110,0,0,3,2,4,15,8,Child,7,21601,4.36
1779224106,ami-esp32c6-091c,False,1910,0,0,2,1,4,19,8,Child,7,21601,4.36
1779224106,ami-esp32c6-1494,False,1344,0,0,3,2,4,13,8,Child,7,21601,4.36
1779224106,ami-esp32c6-1498,False,894,12,29,9,3,6,20,8,Child,7,21601,4.36
1779224106,ami-esp32c6-14bc,False,1534,1,10,6,2,4,14,2,Child,7,21601,4.36
1779224106,ami-esp32c6-14c8,False,1476,0,0,3,3,4,11,8,Child,7,21601,4.36
1779224106,ami-esp32c6-1534,True,18,6,0,5,5,7,20,2,Child,7,21601,4.36
1779224106,ami-esp32c6-1558,False,1062,0,0,3,2,6,14,2,Child,7,21601,4.36
1779224106,ami-esp32c6-155c,True,4,6,18,5,5,9,141,2,Child,7,21601,4.36
1779224106,ami-esp32c6-15d8,False,1502,0,0,2,1,3,37,8,Child,7,21601,4.36
1779224106,ami-esp32c6-ba64,False,3290,0,6,5,3,8,9,2,Child,7,21601,4.36
1779224106,ami-esp32c6-c144,False,1914,0,0,2,1,3,14,8,Child,7,21601,4.36
1779224106,ami-esp32c6-c60c,True,526,2,3,4,2,6,83,2,Child,7,21601,4.36
1779224106,ami-esp32c6-c61c,True,102,5,19,3,2,7,59,2,Child,7,21601,4.36
1779224106,ami-esp32c6-d2b4,False,1466,0,0,4,3,6,25,8,Child,7,21601,4.36
1779224106,ami-esp32c6-f6c8,True,322,4,7,6,3,5,24,2,Child,7,21601,4.36
1779224106,ami-esp32c6-f6d4,False,1508,0,0,2,1,3,29,8,Child,7,21601,4.36
1779224106,ami-esp32c6-f6e4,False,1514,0,0,2,1,3,19,8,Child,7,21601,4.36
1779224106,ami-esp32c6-f768,False,1188,0,0,4,3,6,35,2,Child,7,21601,4.36
1779224106,ami-esp32c6-f788,True,152,0,0,4,5,7,17,16,Child,7,21601,4.36
1779224106,ami-esp32c6-f794,False,996,0,0,2,2,7,178,2,Child,7,21601,4.36
1779224106,ami-esp32c6-f79c,False,1448,1,2,4,3,4,1254,2,Child,7,21601,4.36
1779224106,ami-esp32c6-f7b4,True,218,2,15,5,3,5,29,2,Child,7,21601,4.36
1779224106,ami-esp32c6-f7e8,False,1574,0,0,2,1,3,12,8,Child,7,21601,4.36
1779224106,ami-esp32c6-f808,False,1858,0,0,2,1,4,19,16,Child,7,21601,4.36
1779224106,ami-esp32c6-f81c,False,1120,0,0,3,2,5,12,8,Child,7,21601,4.36
1779224106,ami-esp32c6-f84c,True,30,11,35,5,4,9,25,8,Child,7,21601,4.36
1779224106,ami-esp32c6-f854,False,4714,0,0,1,0,3,12,2,Child,7,21601,4.36
1779224106,ami-esp32c6-fbb4,False,1114,0,0,5,3,6,18,8,Child,7,21601,4.36
1779224106,ami-esp32c6-fbb8,False,3488,2,12,4,2,6,278,16,Child,7,21601,4.36
1779224196,ami-esp32c6-08fc,False,1200,0,0,3,2,4,15,8,Child,9,21614,4.39
1779224196,ami-esp32c6-091c,False,2000,0,0,2,1,4,19,8,Child,9,21614,4.39
1779224196,ami-esp32c6-1494,False,1434,0,0,3,2,4,13,8,Child,9,21614,4.39
1779224196,ami-esp32c6-1498,False,984,12,29,9,3,6,20,8,Child,9,21614,4.39
1779224196,ami-esp32c6-14bc,False,1624,1,10,6,2,4,14,2,Child,9,21614,4.39
1779224196,ami-esp32c6-14c8,False,1566,0,0,3,3,4,11,8,Child,9,21614,4.39
1779224196,ami-esp32c6-1534,True,108,6,0,5,5,7,20,2,Child,9,21614,4.39
1779224196,ami-esp32c6-1558,False,1152,0,0,3,2,6,14,2,Child,9,21614,4.39
1779224196,ami-esp32c6-155c,True,20,6,18,5,5,9,141,2,Child,9,21614,4.39
1779224196,ami-esp32c6-15d8,False,1592,0,0,2,1,3,37,8,Child,9,21614,4.39
1779224196,ami-esp32c6-ba64,False,3380,0,6,5,3,8,9,2,Child,9,21614,4.39
1779224196,ami-esp32c6-c144,False,2004,0,0,2,1,3,14,8,Child,9,21614,4.39
1779224196,ami-esp32c6-c60c,False,616,2,3,4,2,6,83,2,Child,9,21614,4.39
1779224196,ami-esp32c6-c61c,True,192,5,19,3,2,7,59,2,Child,9,21614,4.39
1779224196,ami-esp32c6-d2b4,False,1556,0,0,4,3,6,25,8,Child,9,21614,4.39
1779224196,ami-esp32c6-f6c8,True,412,4,7,6,3,5,24,2,Child,9,21614,4.39
1779224196,ami-esp32c6-f6d4,False,1598,0,0,2,1,3,29,8,Child,9,21614,4.39
1779224196,ami-esp32c6-f6e4,False,1604,0,0,2,1,3,19,8,Child,9,21614,4.39
1779224196,ami-esp32c6-f768,False,1278,0,0,4,3,6,35,2,Child,9,21614,4.39
1779224196,ami-esp32c6-f788,True,242,0,0,4,5,7,17,16,Child,9,21614,4.39
1779224196,ami-esp32c6-f794,False,1086,0,0,2,2,7,178,2,Child,9,21614,4.39
1779224196,ami-esp32c6-f79c,False,1538,1,2,4,3,4,1254,2,Child,9,21614,4.39
1779224196,ami-esp32c6-f7b4,True,308,2,15,5,3,5,29,2,Child,9,21614,4.39
1779224196,ami-esp32c6-f7e8,False,1664,0,0,2,1,3,12,8,Child,9,21614,4.39
1779224196,ami-esp32c6-f808,False,1948,0,0,2,1,4,19,16,Child,9,21614,4.39
1779224196,ami-esp32c6-f81c,False,1210,0,0,3,2,5,12,8,Child,9,21614,4.39
1779224196,ami-esp32c6-f84c,True,48,11,35,5,4,9,25,8,Child,9,21614,4.39
1779224196,ami-esp32c6-f854,False,4804,0,0,1,0,3,12,2,Child,9,21614,4.39
1779224196,ami-esp32c6-fbb4,False,1204,0,0,5,3,6,18,8,Child,9,21614,4.39
1779224196,ami-esp32c6-fbb8,False,3578,2,12,4,2,6,278,16,Child,9,21614,4.39
1779224286,ami-esp32c6-08fc,False,1290,0,0,3,2,4,15,8,Child,9,21631,4.51
1779224286,ami-esp32c6-091c,False,2090,0,0,2,1,4,19,8,Child,9,21631,4.51
1779224286,ami-esp32c6-1494,False,1524,0,0,3,2,4,13,8,Child,9,21631,4.51
1779224286,ami-esp32c6-1498,False,1074,12,29,9,3,6,20,8,Child,9,21631,4.51
1779224286,ami-esp32c6-14bc,False,1714,1,10,6,2,4,14,2,Child,9,21631,4.51
1779224286,ami-esp32c6-14c8,True,8,2,10,6,4,15,37,2,Child,9,21631,4.51
1779224286,ami-esp32c6-1534,True,76,6,0,5,5,7,20,2,Child,9,21631,4.51
1779224286,ami-esp32c6-1558,False,1242,0,0,3,2,6,14,2,Child,9,21631,4.51
1779224286,ami-esp32c6-155c,True,110,6,18,5,5,9,141,2,Child,9,21631,4.51
1779224286,ami-esp32c6-15d8,False,1682,0,0,2,1,3,37,8,Child,9,21631,4.51
1779224286,ami-esp32c6-ba64,False,3470,0,6,5,3,8,9,2,Child,9,21631,4.51
1779224286,ami-esp32c6-c144,False,2094,0,0,2,1,3,14,8,Child,9,21631,4.51
1779224286,ami-esp32c6-c60c,False,706,2,3,4,2,6,83,2,Child,9,21631,4.51
1779224286,ami-esp32c6-c61c,True,282,5,19,3,2,7,59,2,Child,9,21631,4.51
1779224286,ami-esp32c6-d2b4,False,1646,0,0,4,3,6,25,8,Child,9,21631,4.51
1779224286,ami-esp32c6-f6c8,True,502,4,7,6,3,5,24,2,Child,9,21631,4.51
1779224286,ami-esp32c6-f6d4,False,1688,0,0,2,1,3,29,8,Child,9,21631,4.51
1779224286,ami-esp32c6-f6e4,False,1694,0,0,2,1,3,19,8,Child,9,21631,4.51
1779224286,ami-esp32c6-f768,False,1368,0,0,4,3,6,35,2,Child,9,21631,4.51
1779224286,ami-esp32c6-f788,True,14,5,17,5,6,8,52,2,Child,9,21631,4.51
1779224286,ami-esp32c6-f794,True,0,6,9,6,3,14,54,16,Child,9,21631,4.51
1779224286,ami-esp32c6-f79c,False,1628,1,2,4,3,4,1254,2,Child,9,21631,4.51
1779224286,ami-esp32c6-f7b4,True,398,2,15,5,3,5,29,2,Child,9,21631,4.51
1779224286,ami-esp32c6-f7e8,False,1754,0,0,2,1,3,12,8,Child,9,21631,4.51
1779224286,ami-esp32c6-f808,False,2038,0,0,2,1,4,19,16,Child,9,21631,4.51
1779224286,ami-esp32c6-f81c,False,1300,0,0,3,2,5,12,8,Child,9,21631,4.51
1779224286,ami-esp32c6-f84c,True,138,11,35,5,4,9,25,8,Child,9,21631,4.51
1779224286,ami-esp32c6-f854,False,4894,0,0,1,0,3,12,2,Child,9,21631,4.51
1779224286,ami-esp32c6-fbb4,False,1294,0,0,5,3,6,18,8,Child,9,21631,4.51
1779224286,ami-esp32c6-fbb8,False,3668,2,12,4,2,6,278,16,Child,9,21631,4.51
1779224376,ami-esp32c6-08fc,False,1380,0,0,3,2,4,15,8,Child,11,21646,8.83
1779224376,ami-esp32c6-091c,False,2180,0,0,2,1,4,19,8,Child,11,21646,8.83
1779224376,ami-esp32c6-1494,False,1614,0,0,3,2,4,13,8,Child,11,21646,8.83
1779224376,ami-esp32c6-1498,False,1164,12,29,9,3,6,20,8,Child,11,21646,8.83
1779224376,ami-esp32c6-14bc,False,1804,1,10,6,2,4,14,2,Child,11,21646,8.83
1779224376,ami-esp32c6-14c8,True,17,2,10,6,4,15,37,2,Child,11,21646,8.83
1779224376,ami-esp32c6-1534,True,46,6,0,5,5,7,20,2,Child,11,21646,8.83
1779224376,ami-esp32c6-1558,False,1332,0,0,3,2,6,14,2,Child,11,21646,8.83
1779224376,ami-esp32c6-155c,True,13,7,24,8,5,10,15,2,Child,11,21646,8.83
1779224376,ami-esp32c6-15d8,False,1772,0,0,2,1,3,37,8,Child,11,21646,8.83
1779224376,ami-esp32c6-ba64,False,3560,0,6,5,3,8,9,2,Child,11,21646,8.83
1779224376,ami-esp32c6-c144,False,2184,0,0,2,1,3,14,8,Child,11,21646,8.83
1779224376,ami-esp32c6-c60c,False,796,2,3,4,2,6,83,2,Child,11,21646,8.83
1779224376,ami-esp32c6-c61c,True,16,7,28,4,3,9,21,2,Child,11,21646,8.83
1779224376,ami-esp32c6-d2b4,False,1736,0,0,4,3,6,25,8,Child,11,21646,8.83
1779224376,ami-esp32c6-f6c8,True,592,4,7,6,3,5,24,2,Child,11,21646,8.83
1779224376,ami-esp32c6-f6d4,False,1778,0,0,2,1,3,29,8,Child,11,21646,8.83
1779224376,ami-esp32c6-f6e4,False,1784,0,0,2,1,3,19,8,Child,11,21646,8.83
1779224376,ami-esp32c6-f768,False,1458,0,0,4,3,6,35,2,Child,11,21646,8.83
1779224376,ami-esp32c6-f788,True,27,5,17,5,6,8,52,2,Child,11,21646,8.83
1779224376,ami-esp32c6-f794,True,1,6,9,6,3,14,54,16,Child,11,21646,8.83
1779224376,ami-esp32c6-f79c,False,1718,1,2,4,3,4,1254,2,Child,11,21646,8.83
1779224376,ami-esp32c6-f7b4,True,488,2,15,5,3,5,29,2,Child,11,21646,8.83
1779224376,ami-esp32c6-f7e8,False,1844,0,0,2,1,3,12,8,Child,11,21646,8.83
1779224376,ami-esp32c6-f808,False,2128,0,0,2,1,4,19,16,Child,11,21646,8.83
1779224376,ami-esp32c6-f81c,False,1390,0,0,3,2,5,12,8,Child,11,21646,8.83
1779224376,ami-esp32c6-f84c,True,228,11,35,5,4,9,25,8,Child,11,21646,8.83
1779224376,ami-esp32c6-f854,False,4984,0,0,1,0,3,12,2,Child,11,21646,8.83
1779224376,ami-esp32c6-fbb4,False,1384,0,0,5,3,6,18,8,Child,11,21646,8.83
1779224376,ami-esp32c6-fbb8,False,3758,2,12,4,2,6,278,16,Child,11,21646,8.83
1779224466,ami-esp32c6-08fc,False,1470,0,0,3,2,4,15,8,Child,11,21657,8.51
1779224466,ami-esp32c6-091c,False,2270,0,0,2,1,4,19,8,Child,11,21657,8.51
1779224466,ami-esp32c6-1494,False,1704,0,0,3,2,4,13,8,Child,11,21657,8.51
1779224466,ami-esp32c6-1498,False,1254,12,29,9,3,6,20,8,Child,11,21657,8.51
1779224466,ami-esp32c6-14bc,False,1894,1,10,6,2,4,14,2,Child,11,21657,8.51
1779224466,ami-esp32c6-14c8,True,9,2,10,6,4,15,37,2,Child,11,21657,8.51
1779224466,ami-esp32c6-1534,True,136,6,0,5,5,7,20,2,Child,11,21657,8.51
1779224466,ami-esp32c6-1558,False,1422,0,0,3,2,6,14,2,Child,11,21657,8.51
1779224466,ami-esp32c6-155c,True,17,7,24,8,5,10,15,2,Child,11,21657,8.51
1779224466,ami-esp32c6-15d8,False,1862,0,0,2,1,3,37,8,Child,11,21657,8.51
1779224466,ami-esp32c6-ba64,False,3650,0,6,5,3,8,9,2,Child,11,21657,8.51
1779224466,ami-esp32c6-c144,False,2274,0,0,2,1,3,14,8,Child,11,21657,8.51
1779224466,ami-esp32c6-c60c,False,886,2,3,4,2,6,83,2,Child,11,21657,8.51
1779224466,ami-esp32c6-c61c,True,33,7,28,4,3,9,21,2,Child,11,21657,8.51
1779224466,ami-esp32c6-d2b4,False,1826,0,0,4,3,6,25,8,Child,11,21657,8.51
1779224466,ami-esp32c6-f6c8,False,682,4,7,6,3,5,24,2,Child,11,21657,8.51
1779224466,ami-esp32c6-f6d4,False,1868,0,0,2,1,3,29,8,Child,11,21657,8.51
1779224466,ami-esp32c6-f6e4,False,1874,0,0,2,1,3,19,8,Child,11,21657,8.51
1779224466,ami-esp32c6-f768,False,1548,0,0,4,3,6,35,2,Child,11,21657,8.51
1779224466,ami-esp32c6-f788,True,20,5,17,5,6,8,52,2,Child,11,21657,8.51
1779224466,ami-esp32c6-f794,True,0,6,9,6,3,14,54,16,Child,11,21657,8.51
1779224466,ami-esp32c6-f79c,False,1808,1,2,4,3,4,1254,2,Child,11,21657,8.51
1779224466,ami-esp32c6-f7b4,True,16,5,28,7,4,9,32,16,Child,11,21657,8.51
1779224466,ami-esp32c6-f7e8,False,1934,0,0,2,1,3,12,8,Child,11,21657,8.51
1779224466,ami-esp32c6-f808,False,2218,0,0,2,1,4,19,16,Child,11,21657,8.51
1779224466,ami-esp32c6-f81c,False,1480,0,0,3,2,5,12,8,Child,11,21657,8.51
1779224466,ami-esp32c6-f84c,True,318,11,35,5,4,9,25,8,Child,11,21657,8.51
1779224466,ami-esp32c6-f854,False,5074,0,0,1,0,3,12,2,Child,11,21657,8.51
1779224466,ami-esp32c6-fbb4,False,1474,0,0,5,3,6,18,8,Child,11,21657,8.51
1779224466,ami-esp32c6-fbb8,False,3848,2,12,4,2,6,278,16,Child,11,21657,8.51
1779224556,ami-esp32c6-08fc,False,1560,0,0,3,2,4,15,8,Child,7,21667,8.91
1779224556,ami-esp32c6-091c,False,2360,0,0,2,1,4,19,8,Child,7,21667,8.91
1779224556,ami-esp32c6-1494,False,1794,0,0,3,2,4,13,8,Child,7,21667,8.91
1779224556,ami-esp32c6-1498,False,1344,12,29,9,3,6,20,8,Child,7,21667,8.91
1779224556,ami-esp32c6-14bc,False,1984,1,10,6,2,4,14,2,Child,7,21667,8.91
1779224556,ami-esp32c6-14c8,True,8,2,10,6,4,15,37,2,Child,7,21667,8.91
1779224556,ami-esp32c6-1534,True,226,6,0,5,5,7,20,2,Child,7,21667,8.91
1779224556,ami-esp32c6-1558,False,1512,0,0,3,2,6,14,2,Child,7,21667,8.91
1779224556,ami-esp32c6-155c,True,18,7,24,8,5,10,15,2,Child,7,21667,8.91
1779224556,ami-esp32c6-15d8,False,1952,0,0,2,1,3,37,8,Child,7,21667,8.91
1779224556,ami-esp32c6-ba64,False,3740,0,6,5,3,8,9,2,Child,7,21667,8.91
1779224556,ami-esp32c6-c144,False,2364,0,0,2,1,3,14,8,Child,7,21667,8.91
1779224556,ami-esp32c6-c60c,False,976,2,3,4,2,6,83,2,Child,7,21667,8.91
1779224556,ami-esp32c6-c61c,True,22,7,28,4,3,9,21,2,Child,7,21667,8.91
1779224556,ami-esp32c6-d2b4,False,1916,0,0,4,3,6,25,8,Child,7,21667,8.91
1779224556,ami-esp32c6-f6c8,False,772,4,7,6,3,5,24,2,Child,7,21667,8.91
1779224556,ami-esp32c6-f6d4,False,1958,0,0,2,1,3,29,8,Child,7,21667,8.91
1779224556,ami-esp32c6-f6e4,False,1964,0,0,2,1,3,19,8,Child,7,21667,8.91
1779224556,ami-esp32c6-f768,False,1638,0,0,4,3,6,35,2,Child,7,21667,8.91
1779224556,ami-esp32c6-f788,True,110,5,17,5,6,8,52,2,Child,7,21667,8.91
1779224556,ami-esp32c6-f794,True,1,6,9,6,3,14,54,16,Child,7,21667,8.91
1779224556,ami-esp32c6-f79c,False,1898,1,2,4,3,4,1254,2,Child,7,21667,8.91
1779224556,ami-esp32c6-f7b4,True,106,5,28,7,4,9,32,16,Child,7,21667,8.91
1779224556,ami-esp32c6-f7e8,False,2024,0,0,2,1,3,12,8,Child,7,21667,8.91
1779224556,ami-esp32c6-f808,False,2308,0,0,2,1,4,19,16,Child,7,21667,8.91
1779224556,ami-esp32c6-f81c,False,1570,0,0,3,2,5,12,8,Child,7,21667,8.91
1779224556,ami-esp32c6-f84c,True,408,11,35,5,4,9,25,8,Child,7,21667,8.91
1779224556,ami-esp32c6-f854,False,5164,0,0,1,0,3,12,2,Child,7,21667,8.91
1779224556,ami-esp32c6-fbb4,False,1564,0,0,5,3,6,18,8,Child,7,21667,8.91
1779224556,ami-esp32c6-fbb8,False,3938,2,12,4,2,6,278,16,Child,7,21667,8.91
1779224736,ami-esp32c6-08fc,False,1740,0,0,3,2,4,15,8,Child,6,21686,6.64
1779224736,ami-esp32c6-091c,False,2540,0,0,2,1,4,19,8,Child,6,21686,6.64
1779224736,ami-esp32c6-1494,False,1974,0,0,3,2,4,13,8,Child,6,21686,6.64
1779224736,ami-esp32c6-1498,False,1524,12,29,9,3,6,20,8,Child,6,21686,6.64
1779224736,ami-esp32c6-14bc,False,2164,1,10,6,2,4,14,2,Child,6,21686,6.64
1779224736,ami-esp32c6-14c8,True,11,2,10,6,4,15,37,2,Child,6,21686,6.64
1779224736,ami-esp32c6-1534,True,406,6,0,5,5,7,20,2,Child,6,21686,6.64
1779224736,ami-esp32c6-1558,False,1692,0,0,3,2,6,14,2,Child,6,21686,6.64
1779224736,ami-esp32c6-155c,True,17,7,24,8,5,10,15,2,Child,6,21686,6.64
1779224736,ami-esp32c6-15d8,False,2132,0,0,2,1,3,37,8,Child,6,21686,6.64
1779224736,ami-esp32c6-ba64,False,3920,0,6,5,3,8,9,2,Child,6,21686,6.64
1779224736,ami-esp32c6-c144,False,2544,0,0,2,1,3,14,8,Child,6,21686,6.64
1779224736,ami-esp32c6-c60c,False,1156,2,3,4,2,6,83,2,Child,6,21686,6.64
1779224736,ami-esp32c6-c61c,True,202,7,28,4,3,9,21,2,Child,6,21686,6.64
1779224736,ami-esp32c6-d2b4,False,2096,0,0,4,3,6,25,8,Child,6,21686,6.64
1779224736,ami-esp32c6-f6c8,False,952,4,7,6,3,5,24,2,Child,6,21686,6.64
1779224736,ami-esp32c6-f6d4,False,2138,0,0,2,1,3,29,8,Child,6,21686,6.64
1779224736,ami-esp32c6-f6e4,False,2144,0,0,2,1,3,19,8,Child,6,21686,6.64
1779224736,ami-esp32c6-f768,False,1818,0,0,4,3,6,35,2,Child,6,21686,6.64
1779224736,ami-esp32c6-f788,True,168,5,17,5,6,8,52,2,Child,6,21686,6.64
1779224736,ami-esp32c6-f794,True,1,6,9,6,3,14,54,16,Child,6,21686,6.64
1779224736,ami-esp32c6-f79c,False,2078,1,2,4,3,4,1254,2,Child,6,21686,6.64
1779224736,ami-esp32c6-f7b4,True,170,5,28,7,4,9,32,16,Child,6,21686,6.64
1779224736,ami-esp32c6-f7e8,False,2204,0,0,2,1,3,12,8,Child,6,21686,6.64
1779224736,ami-esp32c6-f808,False,2488,0,0,2,1,4,19,16,Child,6,21686,6.64
1779224736,ami-esp32c6-f81c,False,1750,0,0,3,2,5,12,8,Child,6,21686,6.64
1779224736,ami-esp32c6-f84c,True,588,11,35,5,4,9,25,8,Child,6,21686,6.64
1779224736,ami-esp32c6-f854,False,5344,0,0,1,0,3,12,2,Child,6,21686,6.64
1779224736,ami-esp32c6-fbb4,False,1744,0,0,5,3,6,18,8,Child,6,21686,6.64
1779224736,ami-esp32c6-fbb8,False,4118,2,12,4,2,6,278,16,Child,6,21686,6.64
1779224826,ami-esp32c6-08fc,False,1830,0,0,3,2,4,15,8,Child,6,21694,7.47
1779224826,ami-esp32c6-091c,False,2630,0,0,2,1,4,19,8,Child,6,21694,7.47
1779224826,ami-esp32c6-1494,False,2064,0,0,3,2,4,13,8,Child,6,21694,7.47
1779224826,ami-esp32c6-1498,False,1614,12,29,9,3,6,20,8,Child,6,21694,7.47
1779224826,ami-esp32c6-14bc,False,2254,1,10,6,2,4,14,2,Child,6,21694,7.47
1779224826,ami-esp32c6-14c8,True,14,2,10,6,4,15,37,2,Child,6,21694,7.47
1779224826,ami-esp32c6-1534,True,496,6,0,5,5,7,20,2,Child,6,21694,7.47
1779224826,ami-esp32c6-1558,False,1782,0,0,3,2,6,14,2,Child,6,21694,7.47
1779224826,ami-esp32c6-155c,True,24,7,24,8,5,10,15,2,Child,6,21694,7.47
1779224826,ami-esp32c6-15d8,False,2222,0,0,2,1,3,37,8,Child,6,21694,7.47
1779224826,ami-esp32c6-ba64,False,4010,0,6,5,3,8,9,2,Child,6,21694,7.47
1779224826,ami-esp32c6-c144,False,2634,0,0,2,1,3,14,8,Child,6,21694,7.47
1779224826,ami-esp32c6-c60c,False,1246,2,3,4,2,6,83,2,Child,6,21694,7.47
1779224826,ami-esp32c6-c61c,True,292,7,28,4,3,9,21,2,Child,6,21694,7.47
1779224826,ami-esp32c6-d2b4,False,2186,0,0,4,3,6,25,8,Child,6,21694,7.47
1779224826,ami-esp32c6-f6c8,False,1042,4,7,6,3,5,24,2,Child,6,21694,7.47
1779224826,ami-esp32c6-f6d4,False,2228,0,0,2,1,3,29,8,Child,6,21694,7.47
1779224826,ami-esp32c6-f6e4,False,2234,0,0,2,1,3,19,8,Child,6,21694,7.47
1779224826,ami-esp32c6-f768,False,1908,0,0,4,3,6,35,2,Child,6,21694,7.47
1779224826,ami-esp32c6-f788,True,258,5,17,5,6,8,52,2,Child,6,21694,7.47
1779224826,ami-esp32c6-f794,True,1,6,9,6,3,14,54,16,Child,6,21694,7.47
1779224826,ami-esp32c6-f79c,False,2168,1,2,4,3,4,1254,2,Child,6,21694,7.47
1779224826,ami-esp32c6-f7b4,True,260,5,28,7,4,9,32,16,Child,6,21694,7.47
1779224826,ami-esp32c6-f7e8,False,2294,0,0,2,1,3,12,8,Child,6,21694,7.47
1779224826,ami-esp32c6-f808,False,2578,0,0,2,1,4,19,16,Child,6,21694,7.47
1779224826,ami-esp32c6-f81c,False,1840,0,0,3,2,5,12,8,Child,6,21694,7.47
1779224826,ami-esp32c6-f84c,False,678,11,35,5,4,9,25,8,Child,6,21694,7.47
1779224826,ami-esp32c6-f854,False,5434,0,0,1,0,3,12,2,Child,6,21694,7.47
1779224826,ami-esp32c6-fbb4,False,1834,0,0,5,3,6,18,8,Child,6,21694,7.47
1779224826,ami-esp32c6-fbb8,False,4208,2,12,4,2,6,278,16,Child,6,21694,7.47
1779224916,ami-esp32c6-08fc,False,1920,0,0,3,2,4,15,8,Child,5,21706,6.23
1779224916,ami-esp32c6-091c,False,2720,0,0,2,1,4,19,8,Child,5,21706,6.23
1779224916,ami-esp32c6-1494,False,2154,0,0,3,2,4,13,8,Child,5,21706,6.23
1779224916,ami-esp32c6-1498,False,1704,12,29,9,3,6,20,8,Child,5,21706,6.23
1779224916,ami-esp32c6-14bc,False,2344,1,10,6,2,4,14,2,Child,5,21706,6.23
1779224916,ami-esp32c6-14c8,True,14,2,10,6,4,15,37,2,Child,5,21706,6.23
1779224916,ami-esp32c6-1534,True,586,6,0,5,5,7,20,2,Child,5,21706,6.23
1779224916,ami-esp32c6-1558,False,1872,0,0,3,2,6,14,2,Child,5,21706,6.23
1779224916,ami-esp32c6-155c,True,23,7,24,8,5,10,15,2,Child,5,21706,6.23
1779224916,ami-esp32c6-15d8,False,2312,0,0,2,1,3,37,8,Child,5,21706,6.23
1779224916,ami-esp32c6-ba64,False,4100,0,6,5,3,8,9,2,Child,5,21706,6.23
1779224916,ami-esp32c6-c144,False,2724,0,0,2,1,3,14,8,Child,5,21706,6.23
1779224916,ami-esp32c6-c60c,False,1336,2,3,4,2,6,83,2,Child,5,21706,6.23
1779224916,ami-esp32c6-c61c,True,382,7,28,4,3,9,21,2,Child,5,21706,6.23
1779224916,ami-esp32c6-d2b4,False,2276,0,0,4,3,6,25,8,Child,5,21706,6.23
1779224916,ami-esp32c6-f6c8,False,1132,4,7,6,3,5,24,2,Child,5,21706,6.23
1779224916,ami-esp32c6-f6d4,False,2318,0,0,2,1,3,29,8,Child,5,21706,6.23
1779224916,ami-esp32c6-f6e4,False,2324,0,0,2,1,3,19,8,Child,5,21706,6.23
1779224916,ami-esp32c6-f768,False,1998,0,0,4,3,6,35,2,Child,5,21706,6.23
1779224916,ami-esp32c6-f788,True,348,5,17,5,6,8,52,2,Child,5,21706,6.23
1779224916,ami-esp32c6-f794,True,1,6,9,6,3,14,54,16,Child,5,21706,6.23
1779224916,ami-esp32c6-f79c,False,2258,1,2,4,3,4,1254,2,Child,5,21706,6.23
1779224916,ami-esp32c6-f7b4,True,350,5,28,7,4,9,32,16,Child,5,21706,6.23
1779224916,ami-esp32c6-f7e8,False,2384,0,0,2,1,3,12,8,Child,5,21706,6.23
1779224916,ami-esp32c6-f808,False,2668,0,0,2,1,4,19,16,Child,5,21706,6.23
1779224916,ami-esp32c6-f81c,False,1930,0,0,3,2,5,12,8,Child,5,21706,6.23
1779224916,ami-esp32c6-f84c,False,768,11,35,5,4,9,25,8,Child,5,21706,6.23
1779224916,ami-esp32c6-f854,False,5524,0,0,1,0,3,12,2,Child,5,21706,6.23
1779224916,ami-esp32c6-fbb4,False,1924,0,0,5,3,6,18,8,Child,5,21706,6.23
1779224916,ami-esp32c6-fbb8,False,4298,2,12,4,2,6,278,16,Child,5,21706,6.23
1779225006,ami-esp32c6-08fc,False,2010,0,0,3,2,4,15,8,Child,4,21720,5.62
1779225006,ami-esp32c6-091c,False,2810,0,0,2,1,4,19,8,Child,4,21720,5.62
1779225006,ami-esp32c6-1494,False,2244,0,0,3,2,4,13,8,Child,4,21720,5.62
1779225006,ami-esp32c6-1498,False,1794,12,29,9,3,6,20,8,Child,4,21720,5.62
1779225006,ami-esp32c6-14bc,False,2434,1,10,6,2,4,14,2,Child,4,21720,5.62
1779225006,ami-esp32c6-14c8,True,14,2,10,6,4,15,37,2,Child,4,21720,5.62
1779225006,ami-esp32c6-1534,False,676,6,0,5,5,7,20,2,Child,4,21720,5.62
1779225006,ami-esp32c6-1558,False,1962,0,0,3,2,6,14,2,Child,4,21720,5.62
1779225006,ami-esp32c6-155c,True,10,7,24,8,5,10,15,2,Child,4,21720,5.62
1779225006,ami-esp32c6-15d8,False,2402,0,0,2,1,3,37,8,Child,4,21720,5.62
1779225006,ami-esp32c6-ba64,False,4190,0,6,5,3,8,9,2,Child,4,21720,5.62
1779225006,ami-esp32c6-c144,False,2814,0,0,2,1,3,14,8,Child,4,21720,5.62
1779225006,ami-esp32c6-c60c,False,1426,2,3,4,2,6,83,2,Child,4,21720,5.62
1779225006,ami-esp32c6-c61c,True,472,7,28,4,3,9,21,2,Child,4,21720,5.62
1779225006,ami-esp32c6-d2b4,False,2366,0,0,4,3,6,25,8,Child,4,21720,5.62
1779225006,ami-esp32c6-f6c8,False,1222,4,7,6,3,5,24,2,Child,4,21720,5.62
1779225006,ami-esp32c6-f6d4,False,2408,0,0,2,1,3,29,8,Child,4,21720,5.62
1779225006,ami-esp32c6-f6e4,False,2414,0,0,2,1,3,19,8,Child,4,21720,5.62
1779225006,ami-esp32c6-f768,False,2088,0,0,4,3,6,35,2,Child,4,21720,5.62
1779225006,ami-esp32c6-f788,True,438,5,17,5,6,8,52,2,Child,4,21720,5.62
1779225006,ami-esp32c6-f794,True,1,6,9,6,3,14,54,16,Child,4,21720,5.62
1779225006,ami-esp32c6-f79c,False,2348,1,2,4,3,4,1254,2,Child,4,21720,5.62
1779225006,ami-esp32c6-f7b4,True,440,5,28,7,4,9,32,16,Child,4,21720,5.62
1779225006,ami-esp32c6-f7e8,False,2474,0,0,2,1,3,12,8,Child,4,21720,5.62
1779225006,ami-esp32c6-f808,False,2758,0,0,2,1,4,19,16,Child,4,21720,5.62
1779225006,ami-esp32c6-f81c,False,2020,0,0,3,2,5,12,8,Child,4,21720,5.62
1779225006,ami-esp32c6-f84c,False,858,11,35,5,4,9,25,8,Child,4,21720,5.62
1779225006,ami-esp32c6-f854,False,5614,0,0,1,0,3,12,2,Child,4,21720,5.62
1779225006,ami-esp32c6-fbb4,False,2014,0,0,5,3,6,18,8,Child,4,21720,5.62
1779225006,ami-esp32c6-fbb8,False,4388,2,12,4,2,6,278,16,Child,4,21720,5.62
1779225096,ami-esp32c6-08fc,False,2100,0,0,3,2,4,15,8,Child,5,21735,6.52
1779225096,ami-esp32c6-091c,False,2900,0,0,2,1,4,19,8,Child,5,21735,6.52
1779225096,ami-esp32c6-1494,False,2334,0,0,3,2,4,13,8,Child,5,21735,6.52
1779225096,ami-esp32c6-1498,False,1884,12,29,9,3,6,20,8,Child,5,21735,6.52
1779225096,ami-esp32c6-14bc,False,2524,1,10,6,2,4,14,2,Child,5,21735,6.52
1779225096,ami-esp32c6-14c8,True,14,2,10,6,4,15,37,2,Child,5,21735,6.52
1779225096,ami-esp32c6-1534,False,766,6,0,5,5,7,20,2,Child,5,21735,6.52
1779225096,ami-esp32c6-1558,False,2052,0,0,3,2,6,14,2,Child,5,21735,6.52
1779225096,ami-esp32c6-155c,True,10,7,24,8,5,10,15,2,Child,5,21735,6.52
1779225096,ami-esp32c6-15d8,False,2492,0,0,2,1,3,37,8,Child,5,21735,6.52
1779225096,ami-esp32c6-ba64,False,4280,0,6,5,3,8,9,2,Child,5,21735,6.52
1779225096,ami-esp32c6-c144,False,2904,0,0,2,1,3,14,8,Child,5,21735,6.52
1779225096,ami-esp32c6-c60c,False,1516,2,3,4,2,6,83,2,Child,5,21735,6.52
1779225096,ami-esp32c6-c61c,True,562,7,28,4,3,9,21,2,Child,5,21735,6.52
1779225096,ami-esp32c6-d2b4,False,2456,0,0,4,3,6,25,8,Child,5,21735,6.52
1779225096,ami-esp32c6-f6c8,False,1312,4,7,6,3,5,24,2,Child,5,21735,6.52
1779225096,ami-esp32c6-f6d4,False,2498,0,0,2,1,3,29,8,Child,5,21735,6.52
1779225096,ami-esp32c6-f6e4,False,2504,0,0,2,1,3,19,8,Child,5,21735,6.52
1779225096,ami-esp32c6-f768,False,2178,0,0,4,3,6,35,2,Child,5,21735,6.52
1779225096,ami-esp32c6-f788,True,528,5,17,5,6,8,52,2,Child,5,21735,6.52
1779225096,ami-esp32c6-f794,True,1,6,9,6,3,14,54,16,Child,5,21735,6.52
1779225096,ami-esp32c6-f79c,False,2438,1,2,4,3,4,1254,2,Child,5,21735,6.52
1779225096,ami-esp32c6-f7b4,True,530,5,28,7,4,9,32,16,Child,5,21735,6.52
1779225096,ami-esp32c6-f7e8,False,2564,0,0,2,1,3,12,8,Child,5,21735,6.52
1779225096,ami-esp32c6-f808,False,2848,0,0,2,1,4,19,16,Child,5,21735,6.52
1779225096,ami-esp32c6-f81c,False,2110,0,0,3,2,5,12,8,Child,5,21735,6.52
1779225096,ami-esp32c6-f84c,False,948,11,35,5,4,9,25,8,Child,5,21735,6.52
1779225096,ami-esp32c6-f854,False,5704,0,0,1,0,3,12,2,Child,5,21735,6.52
1779225096,ami-esp32c6-fbb4,False,2104,0,0,5,3,6,18,8,Child,5,21735,6.52
1779225096,ami-esp32c6-fbb8,False,4478,2,12,4,2,6,278,16,Child,5,21735,6.52
